,DataType,Estimator,RD,ACC,SEN,SPEC,PREC,F1,scale
0,ACPI_0,SVC,com,88.0,88.5,88.5,90.0,87.9,0.1
1,ACPI_0,SVC,com,80.0,80.8,80.8,85.3,79.5,0.1
2,ACPI_0,SVC,com,80.0,79.5,79.5,81.9,79.5,0.1
3,ACPI_0,SVC,com,88.0,87.5,87.5,90.6,87.7,0.1
4,ACPI_0,SVC,com,83.3,83.3,83.3,87.5,82.9,0.1
5,ACPI_0,SVC,com,76.0,76.9,76.9,83.3,75.0,0.2
6,ACPI_0,SVC,com,80.0,80.8,80.8,85.3,79.5,0.2
7,ACPI_0,SVC,com,80.0,79.5,79.5,81.9,79.5,0.2
8,ACPI_0,SVC,com,92.0,91.7,91.7,93.3,91.9,0.2
9,ACPI_0,SVC,com,83.3,83.3,83.3,87.5,82.9,0.2
10,ACPI_0,SVC,com,92.0,92.3,92.3,92.9,92.0,0.5
11,ACPI_0,SVC,com,80.0,80.8,80.8,85.3,79.5,0.5
12,ACPI_0,SVC,com,92.0,91.7,91.7,93.3,91.9,0.5
13,ACPI_0,SVC,com,96.0,95.8,95.8,96.4,96.0,0.5
14,ACPI_0,SVC,com,83.3,83.3,83.3,87.5,82.9,0.5
15,ACPI_0,SVC,com,96.0,96.2,96.2,96.2,96.0,1.0
16,ACPI_0,SVC,com,88.0,88.5,88.5,90.0,87.9,1.0
17,ACPI_0,SVC,com,100.0,100.0,100.0,100.0,100.0,1.0
18,ACPI_0,SVC,com,92.0,91.7,91.7,93.3,91.9,1.0
19,ACPI_0,SVC,com,83.3,83.3,83.3,87.5,82.9,1.0
20,ACPI_1,SVC,com,88.0,88.5,88.5,90.0,87.9,0.1
21,ACPI_1,SVC,com,76.0,76.6,76.6,78.8,75.6,0.1
22,ACPI_1,SVC,com,84.0,83.3,83.3,88.2,83.3,0.1
23,ACPI_1,SVC,com,92.0,91.7,91.7,93.3,91.9,0.1
24,ACPI_1,SVC,com,83.3,83.3,83.3,87.5,82.9,0.1
25,ACPI_1,SVC,com,84.0,84.6,84.6,87.5,83.8,0.2
26,ACPI_1,SVC,com,76.0,76.6,76.6,78.8,75.6,0.2
27,ACPI_1,SVC,com,84.0,83.3,83.3,88.2,83.3,0.2
28,ACPI_1,SVC,com,92.0,91.7,91.7,93.3,91.9,0.2
29,ACPI_1,SVC,com,83.3,83.3,83.3,87.5,82.9,0.2
30,ACPI_1,SVC,com,92.0,92.3,92.3,92.9,92.0,0.5
31,ACPI_1,SVC,com,80.0,80.8,80.8,85.3,79.5,0.5
32,ACPI_1,SVC,com,92.0,91.7,91.7,93.3,91.9,0.5
33,ACPI_1,SVC,com,96.0,95.8,95.8,96.4,96.0,0.5
34,ACPI_1,SVC,com,83.3,83.3,83.3,87.5,82.9,0.5
35,ACPI_1,SVC,com,96.0,96.2,96.2,96.2,96.0,1.0
36,ACPI_1,SVC,com,88.0,88.5,88.5,90.0,87.9,1.0
37,ACPI_1,SVC,com,100.0,100.0,100.0,100.0,100.0,1.0
38,ACPI_1,SVC,com,92.0,91.7,91.7,93.3,91.9,1.0
39,ACPI_1,SVC,com,83.3,83.3,83.3,87.5,82.9,1.0
40,ACPI_2,SVC,com,84.0,84.6,84.6,87.5,83.8,0.1
41,ACPI_2,SVC,com,84.0,84.6,84.6,87.5,83.8,0.1
42,ACPI_2,SVC,com,84.0,83.3,83.3,88.2,83.3,0.1
43,ACPI_2,SVC,com,88.0,87.8,87.8,88.3,87.9,0.1
44,ACPI_2,SVC,com,83.3,83.3,83.3,87.5,82.9,0.1
45,ACPI_2,SVC,com,84.0,84.6,84.6,87.5,83.8,0.2
46,ACPI_2,SVC,com,84.0,84.6,84.6,87.5,83.8,0.2
47,ACPI_2,SVC,com,84.0,83.3,83.3,88.2,83.3,0.2
48,ACPI_2,SVC,com,88.0,87.8,87.8,88.3,87.9,0.2
49,ACPI_2,SVC,com,83.3,83.3,83.3,87.5,82.9,0.2
50,ACPI_2,SVC,com,92.0,92.3,92.3,92.9,92.0,0.5
51,ACPI_2,SVC,com,88.0,88.5,88.5,90.0,87.9,0.5
52,ACPI_2,SVC,com,96.0,95.8,95.8,96.4,96.0,0.5
53,ACPI_2,SVC,com,96.0,95.8,95.8,96.4,96.0,0.5
54,ACPI_2,SVC,com,83.3,83.3,83.3,87.5,82.9,0.5
55,ACPI_2,SVC,com,96.0,96.2,96.2,96.2,96.0,1.0
56,ACPI_2,SVC,com,88.0,88.5,88.5,90.0,87.9,1.0
57,ACPI_2,SVC,com,100.0,100.0,100.0,100.0,100.0,1.0
58,ACPI_2,SVC,com,92.0,91.7,91.7,93.3,91.9,1.0
59,ACPI_2,SVC,com,83.3,83.3,83.3,87.5,82.9,1.0
60,ACPI_3,SVC,com,84.0,84.6,84.6,87.5,83.8,0.1
61,ACPI_3,SVC,com,80.0,80.8,80.8,85.3,79.5,0.1
62,ACPI_3,SVC,com,84.0,83.3,83.3,88.2,83.3,0.1
63,ACPI_3,SVC,com,88.0,87.5,87.5,90.6,87.7,0.1
64,ACPI_3,SVC,com,83.3,83.3,83.3,87.5,82.9,0.1
65,ACPI_3,SVC,com,84.0,84.6,84.6,87.5,83.8,0.2
66,ACPI_3,SVC,com,80.0,80.8,80.8,85.3,79.5,0.2
67,ACPI_3,SVC,com,84.0,83.3,83.3,88.2,83.3,0.2
68,ACPI_3,SVC,com,88.0,87.5,87.5,90.6,87.7,0.2
69,ACPI_3,SVC,com,83.3,83.3,83.3,87.5,82.9,0.2
70,ACPI_3,SVC,com,88.0,88.5,88.5,90.0,87.9,0.5
71,ACPI_3,SVC,com,80.0,80.8,80.8,85.3,79.5,0.5
72,ACPI_3,SVC,com,96.0,95.8,95.8,96.4,96.0,0.5
73,ACPI_3,SVC,com,96.0,95.8,95.8,96.4,96.0,0.5
74,ACPI_3,SVC,com,83.3,83.3,83.3,87.5,82.9,0.5
75,ACPI_3,SVC,com,96.0,96.2,96.2,96.2,96.0,1.0
76,ACPI_3,SVC,com,88.0,88.5,88.5,90.0,87.9,1.0
77,ACPI_3,SVC,com,100.0,100.0,100.0,100.0,100.0,1.0
78,ACPI_3,SVC,com,92.0,91.7,91.7,93.3,91.9,1.0
79,ACPI_3,SVC,com,83.3,83.3,83.3,87.5,82.9,1.0
80,ACPI_4,SVC,com,80.0,80.4,80.4,81.7,79.9,0.1
81,ACPI_4,SVC,com,80.0,80.8,80.8,85.3,79.5,0.1
82,ACPI_4,SVC,com,84.0,83.3,83.3,88.2,83.3,0.1
83,ACPI_4,SVC,com,88.0,87.5,87.5,90.6,87.7,0.1
84,ACPI_4,SVC,com,83.3,83.3,83.3,87.5,82.9,0.1
85,ACPI_4,SVC,com,80.0,80.4,80.4,81.7,79.9,0.2
86,ACPI_4,SVC,com,80.0,80.8,80.8,85.3,79.5,0.2
87,ACPI_4,SVC,com,84.0,83.3,83.3,88.2,83.3,0.2
88,ACPI_4,SVC,com,92.0,91.7,91.7,93.3,91.9,0.2
89,ACPI_4,SVC,com,83.3,83.3,83.3,87.5,82.9,0.2
90,ACPI_4,SVC,com,84.0,84.3,84.3,84.7,84.0,0.5
91,ACPI_4,SVC,com,88.0,88.5,88.5,90.0,87.9,0.5
92,ACPI_4,SVC,com,96.0,95.8,95.8,96.4,96.0,0.5
93,ACPI_4,SVC,com,96.0,95.8,95.8,96.4,96.0,0.5
94,ACPI_4,SVC,com,87.5,87.5,87.5,90.0,87.3,0.5
95,ACPI_4,SVC,com,96.0,96.2,96.2,96.2,96.0,1.0
96,ACPI_4,SVC,com,88.0,88.5,88.5,90.0,87.9,1.0
97,ACPI_4,SVC,com,100.0,100.0,100.0,100.0,100.0,1.0
98,ACPI_4,SVC,com,92.0,91.7,91.7,93.3,91.9,1.0
99,ACPI_4,SVC,com,87.5,87.5,87.5,90.0,87.3,1.0
100,ACPI_5,SVC,com,84.0,84.6,84.6,87.5,83.8,0.1
101,ACPI_5,SVC,com,80.0,80.8,80.8,85.3,79.5,0.1
102,ACPI_5,SVC,com,84.0,83.3,83.3,88.2,83.3,0.1
103,ACPI_5,SVC,com,92.0,91.7,91.7,93.3,91.9,0.1
104,ACPI_5,SVC,com,83.3,83.3,83.3,87.5,82.9,0.1
105,ACPI_5,SVC,com,84.0,84.6,84.6,87.5,83.8,0.2
106,ACPI_5,SVC,com,80.0,80.8,80.8,85.3,79.5,0.2
107,ACPI_5,SVC,com,84.0,83.3,83.3,88.2,83.3,0.2
108,ACPI_5,SVC,com,92.0,91.7,91.7,93.3,91.9,0.2
109,ACPI_5,SVC,com,83.3,83.3,83.3,87.5,82.9,0.2
110,ACPI_5,SVC,com,88.0,88.5,88.5,90.0,87.9,0.5
111,ACPI_5,SVC,com,80.0,80.8,80.8,85.3,79.5,0.5
112,ACPI_5,SVC,com,92.0,91.7,91.7,93.3,91.9,0.5
113,ACPI_5,SVC,com,96.0,95.8,95.8,96.4,96.0,0.5
114,ACPI_5,SVC,com,83.3,83.3,83.3,87.5,82.9,0.5
115,ACPI_5,SVC,com,96.0,96.2,96.2,96.2,96.0,1.0
116,ACPI_5,SVC,com,88.0,88.5,88.5,90.0,87.9,1.0
117,ACPI_5,SVC,com,100.0,100.0,100.0,100.0,100.0,1.0
118,ACPI_5,SVC,com,92.0,91.7,91.7,93.3,91.9,1.0
119,ACPI_5,SVC,com,83.3,83.3,83.3,87.5,82.9,1.0
120,ACPI_6,SVC,com,84.0,84.6,84.6,87.5,83.8,0.1
121,ACPI_6,SVC,com,80.0,80.8,80.8,85.3,79.5,0.1
122,ACPI_6,SVC,com,84.0,83.3,83.3,88.2,83.3,0.1
123,ACPI_6,SVC,com,88.0,87.5,87.5,90.6,87.7,0.1
124,ACPI_6,SVC,com,79.2,79.2,79.2,85.3,78.2,0.1
125,ACPI_6,SVC,com,84.0,84.6,84.6,87.5,83.8,0.2
126,ACPI_6,SVC,com,80.0,80.8,80.8,85.3,79.5,0.2
127,ACPI_6,SVC,com,84.0,83.3,83.3,88.2,83.3,0.2
128,ACPI_6,SVC,com,88.0,87.5,87.5,90.6,87.7,0.2
129,ACPI_6,SVC,com,79.2,79.2,79.2,85.3,78.2,0.2
130,ACPI_6,SVC,com,88.0,88.5,88.5,90.0,87.9,0.5
131,ACPI_6,SVC,com,84.0,84.6,84.6,87.5,83.8,0.5
132,ACPI_6,SVC,com,88.0,87.5,87.5,90.6,87.7,0.5
133,ACPI_6,SVC,com,96.0,95.8,95.8,96.4,96.0,0.5
134,ACPI_6,SVC,com,83.3,83.3,83.3,87.5,82.9,0.5
135,ACPI_6,SVC,com,96.0,96.2,96.2,96.2,96.0,1.0
136,ACPI_6,SVC,com,88.0,88.5,88.5,90.0,87.9,1.0
137,ACPI_6,SVC,com,96.0,95.8,95.8,96.4,96.0,1.0
138,ACPI_6,SVC,com,92.0,91.7,91.7,93.3,91.9,1.0
139,ACPI_6,SVC,com,87.5,87.5,87.5,90.0,87.3,1.0
140,ACPI_7,SVC,com,76.0,76.9,76.9,83.3,75.0,0.1
141,ACPI_7,SVC,com,80.0,80.8,80.8,85.3,79.5,0.1
142,ACPI_7,SVC,com,72.0,71.8,71.8,72.1,71.8,0.1
143,ACPI_7,SVC,com,84.0,83.7,83.7,85.0,83.8,0.1
144,ACPI_7,SVC,com,83.3,83.3,83.3,87.5,82.9,0.1
145,ACPI_7,SVC,com,76.0,76.9,76.9,83.3,75.0,0.2
146,ACPI_7,SVC,com,80.0,80.8,80.8,85.3,79.5,0.2
147,ACPI_7,SVC,com,72.0,71.8,71.8,72.1,71.8,0.2
148,ACPI_7,SVC,com,84.0,83.7,83.7,85.0,83.8,0.2
149,ACPI_7,SVC,com,83.3,83.3,83.3,87.5,82.9,0.2
150,ACPI_7,SVC,com,88.0,88.5,88.5,90.0,87.9,0.5
151,ACPI_7,SVC,com,88.0,88.5,88.5,90.0,87.9,0.5
152,ACPI_7,SVC,com,88.0,87.8,87.8,88.3,87.9,0.5
153,ACPI_7,SVC,com,96.0,95.8,95.8,96.4,96.0,0.5
154,ACPI_7,SVC,com,83.3,83.3,83.3,87.5,82.9,0.5
155,ACPI_7,SVC,com,96.0,96.2,96.2,96.2,96.0,1.0
156,ACPI_7,SVC,com,88.0,88.5,88.5,90.0,87.9,1.0
157,ACPI_7,SVC,com,100.0,100.0,100.0,100.0,100.0,1.0
158,ACPI_7,SVC,com,92.0,91.7,91.7,93.3,91.9,1.0
159,ACPI_7,SVC,com,87.5,87.5,87.5,90.0,87.3,1.0
160,ACPI_8,SVC,com,76.0,76.9,76.9,83.3,75.0,0.1
161,ACPI_8,SVC,com,80.0,80.8,80.8,85.3,79.5,0.1
162,ACPI_8,SVC,com,84.0,83.3,83.3,88.2,83.3,0.1
163,ACPI_8,SVC,com,88.0,87.5,87.5,90.6,87.7,0.1
164,ACPI_8,SVC,com,83.3,83.3,83.3,87.5,82.9,0.1
165,ACPI_8,SVC,com,76.0,76.9,76.9,83.3,75.0,0.2
166,ACPI_8,SVC,com,80.0,80.8,80.8,85.3,79.5,0.2
167,ACPI_8,SVC,com,84.0,83.3,83.3,88.2,83.3,0.2
168,ACPI_8,SVC,com,88.0,87.5,87.5,90.6,87.7,0.2
169,ACPI_8,SVC,com,83.3,83.3,83.3,87.5,82.9,0.2
170,ACPI_8,SVC,com,88.0,88.5,88.5,90.0,87.9,0.5
171,ACPI_8,SVC,com,88.0,88.5,88.5,90.0,87.9,0.5
172,ACPI_8,SVC,com,92.0,91.7,91.7,93.3,91.9,0.5
173,ACPI_8,SVC,com,96.0,95.8,95.8,96.4,96.0,0.5
174,ACPI_8,SVC,com,87.5,87.5,87.5,90.0,87.3,0.5
175,ACPI_8,SVC,com,92.0,92.3,92.3,92.9,92.0,1.0
176,ACPI_8,SVC,com,88.0,88.5,88.5,90.0,87.9,1.0
177,ACPI_8,SVC,com,96.0,95.8,95.8,96.4,96.0,1.0
178,ACPI_8,SVC,com,92.0,91.7,91.7,93.3,91.9,1.0
179,ACPI_8,SVC,com,91.7,91.7,91.7,92.9,91.6,1.0
180,ACPI_9,SVC,com,84.0,84.6,84.6,87.5,83.8,0.1
181,ACPI_9,SVC,com,80.0,80.8,80.8,85.3,79.5,0.1
182,ACPI_9,SVC,com,84.0,83.3,83.3,88.2,83.3,0.1
183,ACPI_9,SVC,com,88.0,87.5,87.5,90.6,87.7,0.1
184,ACPI_9,SVC,com,79.2,79.2,79.2,85.3,78.2,0.1
185,ACPI_9,SVC,com,84.0,84.6,84.6,87.5,83.8,0.2
186,ACPI_9,SVC,com,80.0,80.8,80.8,85.3,79.5,0.2
187,ACPI_9,SVC,com,84.0,83.3,83.3,88.2,83.3,0.2
188,ACPI_9,SVC,com,88.0,87.5,87.5,90.6,87.7,0.2
189,ACPI_9,SVC,com,83.3,83.3,83.3,87.5,82.9,0.2
190,ACPI_9,SVC,com,88.0,88.5,88.5,90.0,87.9,0.5
191,ACPI_9,SVC,com,84.0,84.6,84.6,87.5,83.8,0.5
192,ACPI_9,SVC,com,92.0,91.7,91.7,93.3,91.9,0.5
193,ACPI_9,SVC,com,96.0,95.8,95.8,96.4,96.0,0.5
194,ACPI_9,SVC,com,83.3,83.3,83.3,87.5,82.9,0.5
195,ACPI_9,SVC,com,92.0,92.3,92.3,92.9,92.0,1.0
196,ACPI_9,SVC,com,88.0,88.5,88.5,90.0,87.9,1.0
197,ACPI_9,SVC,com,96.0,95.8,95.8,96.4,96.0,1.0
198,ACPI_9,SVC,com,92.0,91.7,91.7,93.3,91.9,1.0
199,ACPI_9,SVC,com,87.5,87.5,87.5,90.0,87.3,1.0
200,ACPI_10,SVC,com,76.0,76.9,76.9,83.3,75.0,0.1
201,ACPI_10,SVC,com,84.0,84.6,84.6,87.5,83.8,0.1
202,ACPI_10,SVC,com,80.0,79.5,79.5,81.9,79.5,0.1
203,ACPI_10,SVC,com,88.0,87.5,87.5,90.6,87.7,0.1
204,ACPI_10,SVC,com,83.3,83.3,83.3,87.5,82.9,0.1
205,ACPI_10,SVC,com,76.0,76.9,76.9,83.3,75.0,0.2
206,ACPI_10,SVC,com,84.0,84.6,84.6,87.5,83.8,0.2
207,ACPI_10,SVC,com,80.0,79.5,79.5,81.9,79.5,0.2
208,ACPI_10,SVC,com,88.0,87.5,87.5,90.6,87.7,0.2
209,ACPI_10,SVC,com,83.3,83.3,83.3,87.5,82.9,0.2
210,ACPI_10,SVC,com,92.0,92.3,92.3,92.9,92.0,0.5
211,ACPI_10,SVC,com,84.0,84.6,84.6,87.5,83.8,0.5
212,ACPI_10,SVC,com,88.0,87.8,87.8,88.3,87.9,0.5
213,ACPI_10,SVC,com,96.0,95.8,95.8,96.4,96.0,0.5
214,ACPI_10,SVC,com,83.3,83.3,83.3,87.5,82.9,0.5
215,ACPI_10,SVC,com,92.0,92.3,92.3,92.9,92.0,1.0
216,ACPI_10,SVC,com,88.0,88.5,88.5,90.0,87.9,1.0
217,ACPI_10,SVC,com,100.0,100.0,100.0,100.0,100.0,1.0
218,ACPI_10,SVC,com,92.0,91.7,91.7,93.3,91.9,1.0
219,ACPI_10,SVC,com,83.3,83.3,83.3,87.5,82.9,1.0
220,ACPI_11,SVC,com,88.0,88.5,88.5,90.0,87.9,0.1
221,ACPI_11,SVC,com,80.0,80.8,80.8,85.3,79.5,0.1
222,ACPI_11,SVC,com,84.0,83.3,83.3,88.2,83.3,0.1
223,ACPI_11,SVC,com,88.0,87.5,87.5,90.6,87.7,0.1
224,ACPI_11,SVC,com,83.3,83.3,83.3,87.5,82.9,0.1
225,ACPI_11,SVC,com,84.0,84.6,84.6,87.5,83.8,0.2
226,ACPI_11,SVC,com,80.0,80.8,80.8,85.3,79.5,0.2
227,ACPI_11,SVC,com,84.0,83.3,83.3,88.2,83.3,0.2
228,ACPI_11,SVC,com,92.0,91.7,91.7,93.3,91.9,0.2
229,ACPI_11,SVC,com,83.3,83.3,83.3,87.5,82.9,0.2
230,ACPI_11,SVC,com,88.0,88.5,88.5,90.0,87.9,0.5
231,ACPI_11,SVC,com,88.0,88.5,88.5,90.0,87.9,0.5
232,ACPI_11,SVC,com,92.0,91.7,91.7,93.3,91.9,0.5
233,ACPI_11,SVC,com,96.0,95.8,95.8,96.4,96.0,0.5
234,ACPI_11,SVC,com,87.5,87.5,87.5,90.0,87.3,0.5
235,ACPI_11,SVC,com,96.0,96.2,96.2,96.2,96.0,1.0
236,ACPI_11,SVC,com,88.0,88.5,88.5,90.0,87.9,1.0
237,ACPI_11,SVC,com,100.0,100.0,100.0,100.0,100.0,1.0
238,ACPI_11,SVC,com,92.0,91.7,91.7,93.3,91.9,1.0
239,ACPI_11,SVC,com,91.7,91.7,91.7,92.9,91.6,1.0
240,ACPI_12,SVC,com,76.0,76.9,76.9,83.3,75.0,0.1
241,ACPI_12,SVC,com,80.0,80.8,80.8,85.3,79.5,0.1
242,ACPI_12,SVC,com,76.0,75.6,75.6,76.7,75.6,0.1
243,ACPI_12,SVC,com,88.0,87.5,87.5,90.6,87.7,0.1
244,ACPI_12,SVC,com,83.3,83.3,83.3,87.5,82.9,0.1
245,ACPI_12,SVC,com,84.0,84.6,84.6,87.5,83.8,0.2
246,ACPI_12,SVC,com,80.0,80.8,80.8,85.3,79.5,0.2
247,ACPI_12,SVC,com,76.0,75.6,75.6,76.7,75.6,0.2
248,ACPI_12,SVC,com,88.0,87.5,87.5,90.6,87.7,0.2
249,ACPI_12,SVC,com,83.3,83.3,83.3,87.5,82.9,0.2
250,ACPI_12,SVC,com,88.0,88.5,88.5,90.0,87.9,0.5
251,ACPI_12,SVC,com,88.0,88.5,88.5,90.0,87.9,0.5
252,ACPI_12,SVC,com,92.0,91.7,91.7,93.3,91.9,0.5
253,ACPI_12,SVC,com,96.0,95.8,95.8,96.4,96.0,0.5
254,ACPI_12,SVC,com,87.5,87.5,87.5,90.0,87.3,0.5
255,ACPI_12,SVC,com,96.0,96.2,96.2,96.2,96.0,1.0
256,ACPI_12,SVC,com,88.0,88.5,88.5,90.0,87.9,1.0
257,ACPI_12,SVC,com,100.0,100.0,100.0,100.0,100.0,1.0
258,ACPI_12,SVC,com,92.0,91.7,91.7,93.3,91.9,1.0
259,ACPI_12,SVC,com,87.5,87.5,87.5,90.0,87.3,1.0
260,ACPI_13,SVC,com,76.0,76.9,76.9,83.3,75.0,0.1
261,ACPI_13,SVC,com,80.0,80.8,80.8,85.3,79.5,0.1
262,ACPI_13,SVC,com,80.0,79.5,79.5,81.9,79.5,0.1
263,ACPI_13,SVC,com,88.0,87.5,87.5,90.6,87.7,0.1
264,ACPI_13,SVC,com,83.3,83.3,83.3,87.5,82.9,0.1
265,ACPI_13,SVC,com,76.0,76.9,76.9,83.3,75.0,0.2
266,ACPI_13,SVC,com,80.0,80.8,80.8,85.3,79.5,0.2
267,ACPI_13,SVC,com,80.0,79.5,79.5,81.9,79.5,0.2
268,ACPI_13,SVC,com,88.0,87.5,87.5,90.6,87.7,0.2
269,ACPI_13,SVC,com,83.3,83.3,83.3,87.5,82.9,0.2
270,ACPI_13,SVC,com,88.0,88.5,88.5,90.0,87.9,0.5
271,ACPI_13,SVC,com,84.0,84.6,84.6,87.5,83.8,0.5
272,ACPI_13,SVC,com,92.0,92.0,92.0,92.0,92.0,0.5
273,ACPI_13,SVC,com,96.0,95.8,95.8,96.4,96.0,0.5
274,ACPI_13,SVC,com,83.3,83.3,83.3,87.5,82.9,0.5
275,ACPI_13,SVC,com,92.0,92.3,92.3,92.9,92.0,1.0
276,ACPI_13,SVC,com,88.0,88.5,88.5,90.0,87.9,1.0
277,ACPI_13,SVC,com,96.0,96.2,96.2,96.2,96.0,1.0
278,ACPI_13,SVC,com,92.0,91.7,91.7,93.3,91.9,1.0
279,ACPI_13,SVC,com,87.5,87.5,87.5,90.0,87.3,1.0
280,ACPI_14,SVC,com,80.0,80.4,80.4,81.7,79.9,0.1
281,ACPI_14,SVC,com,84.0,84.6,84.6,87.5,83.8,0.1
282,ACPI_14,SVC,com,84.0,83.3,83.3,88.2,83.3,0.1
283,ACPI_14,SVC,com,92.0,91.7,91.7,93.3,91.9,0.1
284,ACPI_14,SVC,com,83.3,83.3,83.3,87.5,82.9,0.1
285,ACPI_14,SVC,com,84.0,84.6,84.6,87.5,83.8,0.2
286,ACPI_14,SVC,com,84.0,84.6,84.6,87.5,83.8,0.2
287,ACPI_14,SVC,com,84.0,83.3,83.3,88.2,83.3,0.2
288,ACPI_14,SVC,com,92.0,91.7,91.7,93.3,91.9,0.2
289,ACPI_14,SVC,com,83.3,83.3,83.3,87.5,82.9,0.2
290,ACPI_14,SVC,com,88.0,88.5,88.5,90.0,87.9,0.5
291,ACPI_14,SVC,com,84.0,84.6,84.6,87.5,83.8,0.5
292,ACPI_14,SVC,com,96.0,95.8,95.8,96.4,96.0,0.5
293,ACPI_14,SVC,com,96.0,95.8,95.8,96.4,96.0,0.5
294,ACPI_14,SVC,com,83.3,83.3,83.3,87.5,82.9,0.5
295,ACPI_14,SVC,com,96.0,96.2,96.2,96.2,96.0,1.0
296,ACPI_14,SVC,com,88.0,88.5,88.5,90.0,87.9,1.0
297,ACPI_14,SVC,com,100.0,100.0,100.0,100.0,100.0,1.0
298,ACPI_14,SVC,com,92.0,91.7,91.7,93.3,91.9,1.0
299,ACPI_14,SVC,com,87.5,87.5,87.5,90.0,87.3,1.0
300,ACPI_15,SVC,com,76.0,76.9,76.9,83.3,75.0,0.1
301,ACPI_15,SVC,com,80.0,80.8,80.8,85.3,79.5,0.1
302,ACPI_15,SVC,com,80.0,79.5,79.5,81.9,79.5,0.1
303,ACPI_15,SVC,com,88.0,87.5,87.5,90.6,87.7,0.1
304,ACPI_15,SVC,com,83.3,83.3,83.3,87.5,82.9,0.1
305,ACPI_15,SVC,com,76.0,76.9,76.9,83.3,75.0,0.2
306,ACPI_15,SVC,com,80.0,80.8,80.8,85.3,79.5,0.2
307,ACPI_15,SVC,com,80.0,79.5,79.5,81.9,79.5,0.2
308,ACPI_15,SVC,com,88.0,87.5,87.5,90.6,87.7,0.2
309,ACPI_15,SVC,com,83.3,83.3,83.3,87.5,82.9,0.2
310,ACPI_15,SVC,com,88.0,88.5,88.5,90.0,87.9,0.5
311,ACPI_15,SVC,com,88.0,88.5,88.5,90.0,87.9,0.5
312,ACPI_15,SVC,com,88.0,87.8,87.8,88.3,87.9,0.5
313,ACPI_15,SVC,com,96.0,95.8,95.8,96.4,96.0,0.5
314,ACPI_15,SVC,com,87.5,87.5,87.5,90.0,87.3,0.5
315,ACPI_15,SVC,com,92.0,92.3,92.3,92.9,92.0,1.0
316,ACPI_15,SVC,com,88.0,88.5,88.5,90.0,87.9,1.0
317,ACPI_15,SVC,com,96.0,95.8,95.8,96.4,96.0,1.0
318,ACPI_15,SVC,com,92.0,91.7,91.7,93.3,91.9,1.0
319,ACPI_15,SVC,com,87.5,87.5,87.5,90.0,87.3,1.0
320,ACPI_16,SVC,com,76.0,76.9,76.9,83.3,75.0,0.1
321,ACPI_16,SVC,com,80.0,80.8,80.8,85.3,79.5,0.1
322,ACPI_16,SVC,com,84.0,83.3,83.3,88.2,83.3,0.1
323,ACPI_16,SVC,com,88.0,87.5,87.5,90.6,87.7,0.1
324,ACPI_16,SVC,com,79.2,79.2,79.2,85.3,78.2,0.1
325,ACPI_16,SVC,com,76.0,76.9,76.9,83.3,75.0,0.2
326,ACPI_16,SVC,com,80.0,80.8,80.8,85.3,79.5,0.2
327,ACPI_16,SVC,com,84.0,83.3,83.3,88.2,83.3,0.2
328,ACPI_16,SVC,com,88.0,87.5,87.5,90.6,87.7,0.2
329,ACPI_16,SVC,com,79.2,79.2,79.2,85.3,78.2,0.2
330,ACPI_16,SVC,com,88.0,88.1,88.1,88.1,88.0,0.5
331,ACPI_16,SVC,com,80.0,80.8,80.8,85.3,79.5,0.5
332,ACPI_16,SVC,com,96.0,95.8,95.8,96.4,96.0,0.5
333,ACPI_16,SVC,com,96.0,95.8,95.8,96.4,96.0,0.5
334,ACPI_16,SVC,com,83.3,83.3,83.3,87.5,82.9,0.5
335,ACPI_16,SVC,com,96.0,96.2,96.2,96.2,96.0,1.0
336,ACPI_16,SVC,com,88.0,88.5,88.5,90.0,87.9,1.0
337,ACPI_16,SVC,com,100.0,100.0,100.0,100.0,100.0,1.0
338,ACPI_16,SVC,com,92.0,91.7,91.7,93.3,91.9,1.0
339,ACPI_16,SVC,com,83.3,83.3,83.3,87.5,82.9,1.0
340,ACPI_17,SVC,com,80.0,80.4,80.4,81.7,79.9,0.1
341,ACPI_17,SVC,com,80.0,80.8,80.8,85.3,79.5,0.1
342,ACPI_17,SVC,com,84.0,83.3,83.3,88.2,83.3,0.1
343,ACPI_17,SVC,com,88.0,87.5,87.5,90.6,87.7,0.1
344,ACPI_17,SVC,com,83.3,83.3,83.3,87.5,82.9,0.1
345,ACPI_17,SVC,com,76.0,76.9,76.9,83.3,75.0,0.2
346,ACPI_17,SVC,com,80.0,80.8,80.8,85.3,79.5,0.2
347,ACPI_17,SVC,com,84.0,83.3,83.3,88.2,83.3,0.2
348,ACPI_17,SVC,com,88.0,87.5,87.5,90.6,87.7,0.2
349,ACPI_17,SVC,com,83.3,83.3,83.3,87.5,82.9,0.2
350,ACPI_17,SVC,com,88.0,88.5,88.5,90.0,87.9,0.5
351,ACPI_17,SVC,com,88.0,88.5,88.5,90.0,87.9,0.5
352,ACPI_17,SVC,com,92.0,91.7,91.7,93.3,91.9,0.5
353,ACPI_17,SVC,com,96.0,95.8,95.8,96.4,96.0,0.5
354,ACPI_17,SVC,com,83.3,83.3,83.3,87.5,82.9,0.5
355,ACPI_17,SVC,com,96.0,96.2,96.2,96.2,96.0,1.0
356,ACPI_17,SVC,com,88.0,88.5,88.5,90.0,87.9,1.0
357,ACPI_17,SVC,com,100.0,100.0,100.0,100.0,100.0,1.0
358,ACPI_17,SVC,com,92.0,91.7,91.7,93.3,91.9,1.0
359,ACPI_17,SVC,com,87.5,87.5,87.5,90.0,87.3,1.0
360,ACPI_18,SVC,com,84.0,84.6,84.6,87.5,83.8,0.1
361,ACPI_18,SVC,com,80.0,80.8,80.8,85.3,79.5,0.1
362,ACPI_18,SVC,com,84.0,83.3,83.3,88.2,83.3,0.1
363,ACPI_18,SVC,com,88.0,87.5,87.5,90.6,87.7,0.1
364,ACPI_18,SVC,com,83.3,83.3,83.3,87.5,82.9,0.1
365,ACPI_18,SVC,com,84.0,84.6,84.6,87.5,83.8,0.2
366,ACPI_18,SVC,com,80.0,80.8,80.8,85.3,79.5,0.2
367,ACPI_18,SVC,com,84.0,83.3,83.3,88.2,83.3,0.2
368,ACPI_18,SVC,com,92.0,91.7,91.7,93.3,91.9,0.2
369,ACPI_18,SVC,com,83.3,83.3,83.3,87.5,82.9,0.2
370,ACPI_18,SVC,com,88.0,88.5,88.5,90.0,87.9,0.5
371,ACPI_18,SVC,com,84.0,84.6,84.6,87.5,83.8,0.5
372,ACPI_18,SVC,com,92.0,91.7,91.7,93.3,91.9,0.5
373,ACPI_18,SVC,com,96.0,95.8,95.8,96.4,96.0,0.5
374,ACPI_18,SVC,com,83.3,83.3,83.3,87.5,82.9,0.5
375,ACPI_18,SVC,com,96.0,96.2,96.2,96.2,96.0,1.0
376,ACPI_18,SVC,com,88.0,88.5,88.5,90.0,87.9,1.0
377,ACPI_18,SVC,com,100.0,100.0,100.0,100.0,100.0,1.0
378,ACPI_18,SVC,com,92.0,91.7,91.7,93.3,91.9,1.0
379,ACPI_18,SVC,com,83.3,83.3,83.3,87.5,82.9,1.0
380,ACPI_19,SVC,com,76.0,76.9,76.9,83.3,75.0,0.1
381,ACPI_19,SVC,com,80.0,80.8,80.8,85.3,79.5,0.1
382,ACPI_19,SVC,com,84.0,83.3,83.3,88.2,83.3,0.1
383,ACPI_19,SVC,com,88.0,87.5,87.5,90.6,87.7,0.1
384,ACPI_19,SVC,com,83.3,83.3,83.3,87.5,82.9,0.1
385,ACPI_19,SVC,com,84.0,84.6,84.6,87.5,83.8,0.2
386,ACPI_19,SVC,com,80.0,80.8,80.8,85.3,79.5,0.2
387,ACPI_19,SVC,com,84.0,83.3,83.3,88.2,83.3,0.2
388,ACPI_19,SVC,com,88.0,87.5,87.5,90.6,87.7,0.2
389,ACPI_19,SVC,com,83.3,83.3,83.3,87.5,82.9,0.2
390,ACPI_19,SVC,com,88.0,88.5,88.5,90.0,87.9,0.5
391,ACPI_19,SVC,com,84.0,84.6,84.6,87.5,83.8,0.5
392,ACPI_19,SVC,com,96.0,95.8,95.8,96.4,96.0,0.5
393,ACPI_19,SVC,com,96.0,95.8,95.8,96.4,96.0,0.5
394,ACPI_19,SVC,com,87.5,87.5,87.5,90.0,87.3,0.5
395,ACPI_19,SVC,com,96.0,96.2,96.2,96.2,96.0,1.0
396,ACPI_19,SVC,com,88.0,88.5,88.5,90.0,87.9,1.0
397,ACPI_19,SVC,com,100.0,100.0,100.0,100.0,100.0,1.0
398,ACPI_19,SVC,com,92.0,91.7,91.7,93.3,91.9,1.0
399,ACPI_19,SVC,com,87.5,87.5,87.5,90.0,87.3,1.0
400,ACPI_20,SVC,com,84.0,84.6,84.6,87.5,83.8,0.1
401,ACPI_20,SVC,com,80.0,80.8,80.8,85.3,79.5,0.1
402,ACPI_20,SVC,com,84.0,83.3,83.3,88.2,83.3,0.1
403,ACPI_20,SVC,com,88.0,87.5,87.5,90.6,87.7,0.1
404,ACPI_20,SVC,com,83.3,83.3,83.3,87.5,82.9,0.1
405,ACPI_20,SVC,com,76.0,76.9,76.9,83.3,75.0,0.2
406,ACPI_20,SVC,com,80.0,80.8,80.8,85.3,79.5,0.2
407,ACPI_20,SVC,com,84.0,83.3,83.3,88.2,83.3,0.2
408,ACPI_20,SVC,com,88.0,87.5,87.5,90.6,87.7,0.2
409,ACPI_20,SVC,com,83.3,83.3,83.3,87.5,82.9,0.2
410,ACPI_20,SVC,com,88.0,88.5,88.5,90.0,87.9,0.5
411,ACPI_20,SVC,com,88.0,88.5,88.5,90.0,87.9,0.5
412,ACPI_20,SVC,com,92.0,91.7,91.7,93.3,91.9,0.5
413,ACPI_20,SVC,com,96.0,95.8,95.8,96.4,96.0,0.5
414,ACPI_20,SVC,com,87.5,87.5,87.5,90.0,87.3,0.5
415,ACPI_20,SVC,com,92.0,92.3,92.3,92.9,92.0,1.0
416,ACPI_20,SVC,com,88.0,88.5,88.5,90.0,87.9,1.0
417,ACPI_20,SVC,com,96.0,95.8,95.8,96.4,96.0,1.0
418,ACPI_20,SVC,com,92.0,91.7,91.7,93.3,91.9,1.0
419,ACPI_20,SVC,com,87.5,87.5,87.5,90.0,87.3,1.0
420,ACPI_21,SVC,com,76.0,76.9,76.9,83.3,75.0,0.1
421,ACPI_21,SVC,com,80.0,80.8,80.8,85.3,79.5,0.1
422,ACPI_21,SVC,com,84.0,83.3,83.3,88.2,83.3,0.1
423,ACPI_21,SVC,com,80.0,79.8,79.8,80.2,79.9,0.1
424,ACPI_21,SVC,com,83.3,83.3,83.3,87.5,82.9,0.1
425,ACPI_21,SVC,com,84.0,84.6,84.6,87.5,83.8,0.2
426,ACPI_21,SVC,com,80.0,80.8,80.8,85.3,79.5,0.2
427,ACPI_21,SVC,com,84.0,83.3,83.3,88.2,83.3,0.2
428,ACPI_21,SVC,com,80.0,79.8,79.8,80.2,79.9,0.2
429,ACPI_21,SVC,com,83.3,83.3,83.3,87.5,82.9,0.2
430,ACPI_21,SVC,com,92.0,92.3,92.3,92.9,92.0,0.5
431,ACPI_21,SVC,com,88.0,88.5,88.5,90.0,87.9,0.5
432,ACPI_21,SVC,com,92.0,91.7,91.7,93.3,91.9,0.5
433,ACPI_21,SVC,com,92.0,92.0,92.0,92.0,92.0,0.5
434,ACPI_21,SVC,com,87.5,87.5,87.5,90.0,87.3,0.5
435,ACPI_21,SVC,com,96.0,96.2,96.2,96.2,96.0,1.0
436,ACPI_21,SVC,com,88.0,88.5,88.5,90.0,87.9,1.0
437,ACPI_21,SVC,com,100.0,100.0,100.0,100.0,100.0,1.0
438,ACPI_21,SVC,com,96.0,95.8,95.8,96.4,96.0,1.0
439,ACPI_21,SVC,com,91.7,91.7,91.7,92.9,91.6,1.0
440,ACPI_22,SVC,com,84.0,84.6,84.6,87.5,83.8,0.1
441,ACPI_22,SVC,com,80.0,80.8,80.8,85.3,79.5,0.1
442,ACPI_22,SVC,com,84.0,83.3,83.3,88.2,83.3,0.1
443,ACPI_22,SVC,com,88.0,87.5,87.5,90.6,87.7,0.1
444,ACPI_22,SVC,com,83.3,83.3,83.3,87.5,82.9,0.1
445,ACPI_22,SVC,com,84.0,84.6,84.6,87.5,83.8,0.2
446,ACPI_22,SVC,com,80.0,80.8,80.8,85.3,79.5,0.2
447,ACPI_22,SVC,com,84.0,83.3,83.3,88.2,83.3,0.2
448,ACPI_22,SVC,com,88.0,87.5,87.5,90.6,87.7,0.2
449,ACPI_22,SVC,com,83.3,83.3,83.3,87.5,82.9,0.2
450,ACPI_22,SVC,com,88.0,88.5,88.5,90.0,87.9,0.5
451,ACPI_22,SVC,com,84.0,84.6,84.6,87.5,83.8,0.5
452,ACPI_22,SVC,com,92.0,91.7,91.7,93.3,91.9,0.5
453,ACPI_22,SVC,com,96.0,95.8,95.8,96.4,96.0,0.5
454,ACPI_22,SVC,com,87.5,87.5,87.5,90.0,87.3,0.5
455,ACPI_22,SVC,com,96.0,96.2,96.2,96.2,96.0,1.0
456,ACPI_22,SVC,com,88.0,88.5,88.5,90.0,87.9,1.0
457,ACPI_22,SVC,com,96.0,95.8,95.8,96.4,96.0,1.0
458,ACPI_22,SVC,com,92.0,91.7,91.7,93.3,91.9,1.0
459,ACPI_22,SVC,com,83.3,83.3,83.3,87.5,82.9,1.0
460,ACPI_23,SVC,com,84.0,84.6,84.6,87.5,83.8,0.1
461,ACPI_23,SVC,com,80.0,80.8,80.8,85.3,79.5,0.1
462,ACPI_23,SVC,com,84.0,83.3,83.3,88.2,83.3,0.1
463,ACPI_23,SVC,com,92.0,91.7,91.7,93.3,91.9,0.1
464,ACPI_23,SVC,com,83.3,83.3,83.3,87.5,82.9,0.1
465,ACPI_23,SVC,com,76.0,76.9,76.9,83.3,75.0,0.2
466,ACPI_23,SVC,com,80.0,80.8,80.8,85.3,79.5,0.2
467,ACPI_23,SVC,com,84.0,83.3,83.3,88.2,83.3,0.2
468,ACPI_23,SVC,com,92.0,91.7,91.7,93.3,91.9,0.2
469,ACPI_23,SVC,com,83.3,83.3,83.3,87.5,82.9,0.2
470,ACPI_23,SVC,com,92.0,92.3,92.3,92.9,92.0,0.5
471,ACPI_23,SVC,com,88.0,88.5,88.5,90.0,87.9,0.5
472,ACPI_23,SVC,com,96.0,95.8,95.8,96.4,96.0,0.5
473,ACPI_23,SVC,com,96.0,95.8,95.8,96.4,96.0,0.5
474,ACPI_23,SVC,com,87.5,87.5,87.5,90.0,87.3,0.5
475,ACPI_23,SVC,com,96.0,96.2,96.2,96.2,96.0,1.0
476,ACPI_23,SVC,com,88.0,88.5,88.5,90.0,87.9,1.0
477,ACPI_23,SVC,com,100.0,100.0,100.0,100.0,100.0,1.0
478,ACPI_23,SVC,com,92.0,91.7,91.7,93.3,91.9,1.0
479,ACPI_23,SVC,com,87.5,87.5,87.5,90.0,87.3,1.0
480,ACPI_24,SVC,com,84.0,84.6,84.6,87.5,83.8,0.1
481,ACPI_24,SVC,com,80.0,80.8,80.8,85.3,79.5,0.1
482,ACPI_24,SVC,com,84.0,83.3,83.3,88.2,83.3,0.1
483,ACPI_24,SVC,com,84.0,83.7,83.7,85.0,83.8,0.1
484,ACPI_24,SVC,com,83.3,83.3,83.3,87.5,82.9,0.1
485,ACPI_24,SVC,com,84.0,84.6,84.6,87.5,83.8,0.2
486,ACPI_24,SVC,com,80.0,80.8,80.8,85.3,79.5,0.2
487,ACPI_24,SVC,com,84.0,83.3,83.3,88.2,83.3,0.2
488,ACPI_24,SVC,com,84.0,83.7,83.7,85.0,83.8,0.2
489,ACPI_24,SVC,com,83.3,83.3,83.3,87.5,82.9,0.2
490,ACPI_24,SVC,com,88.0,88.5,88.5,90.0,87.9,0.5
491,ACPI_24,SVC,com,84.0,84.6,84.6,87.5,83.8,0.5
492,ACPI_24,SVC,com,92.0,91.7,91.7,93.3,91.9,0.5
493,ACPI_24,SVC,com,96.0,95.8,95.8,96.4,96.0,0.5
494,ACPI_24,SVC,com,83.3,83.3,83.3,87.5,82.9,0.5
495,ACPI_24,SVC,com,96.0,96.2,96.2,96.2,96.0,1.0
496,ACPI_24,SVC,com,88.0,88.5,88.5,90.0,87.9,1.0
497,ACPI_24,SVC,com,100.0,100.0,100.0,100.0,100.0,1.0
498,ACPI_24,SVC,com,92.0,91.7,91.7,93.3,91.9,1.0
499,ACPI_24,SVC,com,83.3,83.3,83.3,87.5,82.9,1.0
500,ACPI_25,SVC,com,76.0,76.9,76.9,83.3,75.0,0.1
501,ACPI_25,SVC,com,80.0,80.8,80.8,85.3,79.5,0.1
502,ACPI_25,SVC,com,84.0,83.3,83.3,88.2,83.3,0.1
503,ACPI_25,SVC,com,88.0,87.5,87.5,90.6,87.7,0.1
504,ACPI_25,SVC,com,79.2,79.2,79.2,85.3,78.2,0.1
505,ACPI_25,SVC,com,76.0,76.9,76.9,83.3,75.0,0.2
506,ACPI_25,SVC,com,80.0,80.8,80.8,85.3,79.5,0.2
507,ACPI_25,SVC,com,84.0,83.3,83.3,88.2,83.3,0.2
508,ACPI_25,SVC,com,88.0,87.5,87.5,90.6,87.7,0.2
509,ACPI_25,SVC,com,79.2,79.2,79.2,85.3,78.2,0.2
510,ACPI_25,SVC,com,88.0,88.5,88.5,90.0,87.9,0.5
511,ACPI_25,SVC,com,88.0,88.5,88.5,90.0,87.9,0.5
512,ACPI_25,SVC,com,92.0,91.7,91.7,93.3,91.9,0.5
513,ACPI_25,SVC,com,96.0,95.8,95.8,96.4,96.0,0.5
514,ACPI_25,SVC,com,83.3,83.3,83.3,87.5,82.9,0.5
515,ACPI_25,SVC,com,96.0,96.2,96.2,96.2,96.0,1.0
516,ACPI_25,SVC,com,88.0,88.5,88.5,90.0,87.9,1.0
517,ACPI_25,SVC,com,96.0,95.8,95.8,96.4,96.0,1.0
518,ACPI_25,SVC,com,92.0,91.7,91.7,93.3,91.9,1.0
519,ACPI_25,SVC,com,87.5,87.5,87.5,90.0,87.3,1.0
520,ACPI_26,SVC,com,84.0,84.3,84.3,84.7,84.0,0.1
521,ACPI_26,SVC,com,80.0,80.8,80.8,85.3,79.5,0.1
522,ACPI_26,SVC,com,84.0,83.3,83.3,88.2,83.3,0.1
523,ACPI_26,SVC,com,88.0,87.5,87.5,90.6,87.7,0.1
524,ACPI_26,SVC,com,83.3,83.3,83.3,87.5,82.9,0.1
525,ACPI_26,SVC,com,84.0,84.3,84.3,84.7,84.0,0.2
526,ACPI_26,SVC,com,80.0,80.8,80.8,85.3,79.5,0.2
527,ACPI_26,SVC,com,84.0,83.3,83.3,88.2,83.3,0.2
528,ACPI_26,SVC,com,88.0,87.5,87.5,90.6,87.7,0.2
529,ACPI_26,SVC,com,83.3,83.3,83.3,87.5,82.9,0.2
530,ACPI_26,SVC,com,92.0,92.3,92.3,92.9,92.0,0.5
531,ACPI_26,SVC,com,88.0,88.5,88.5,90.0,87.9,0.5
532,ACPI_26,SVC,com,92.0,91.7,91.7,93.3,91.9,0.5
533,ACPI_26,SVC,com,96.0,95.8,95.8,96.4,96.0,0.5
534,ACPI_26,SVC,com,87.5,87.5,87.5,90.0,87.3,0.5
535,ACPI_26,SVC,com,92.0,92.3,92.3,92.9,92.0,1.0
536,ACPI_26,SVC,com,88.0,88.5,88.5,90.0,87.9,1.0
537,ACPI_26,SVC,com,96.0,95.8,95.8,96.4,96.0,1.0
538,ACPI_26,SVC,com,96.0,95.8,95.8,96.4,96.0,1.0
539,ACPI_26,SVC,com,91.7,91.7,91.7,92.9,91.6,1.0
540,ACPI_27,SVC,com,76.0,76.9,76.9,83.3,75.0,0.1
541,ACPI_27,SVC,com,80.0,80.8,80.8,85.3,79.5,0.1
542,ACPI_27,SVC,com,84.0,83.3,83.3,88.2,83.3,0.1
543,ACPI_27,SVC,com,88.0,87.5,87.5,90.6,87.7,0.1
544,ACPI_27,SVC,com,83.3,83.3,83.3,87.5,82.9,0.1
545,ACPI_27,SVC,com,76.0,76.9,76.9,83.3,75.0,0.2
546,ACPI_27,SVC,com,80.0,80.8,80.8,85.3,79.5,0.2
547,ACPI_27,SVC,com,84.0,83.3,83.3,88.2,83.3,0.2
548,ACPI_27,SVC,com,88.0,87.5,87.5,90.6,87.7,0.2
549,ACPI_27,SVC,com,83.3,83.3,83.3,87.5,82.9,0.2
550,ACPI_27,SVC,com,92.0,92.3,92.3,92.9,92.0,0.5
551,ACPI_27,SVC,com,88.0,88.5,88.5,90.0,87.9,0.5
552,ACPI_27,SVC,com,96.0,95.8,95.8,96.4,96.0,0.5
553,ACPI_27,SVC,com,96.0,95.8,95.8,96.4,96.0,0.5
554,ACPI_27,SVC,com,87.5,87.5,87.5,90.0,87.3,0.5
555,ACPI_27,SVC,com,92.0,92.3,92.3,92.9,92.0,1.0
556,ACPI_27,SVC,com,88.0,88.5,88.5,90.0,87.9,1.0
557,ACPI_27,SVC,com,100.0,100.0,100.0,100.0,100.0,1.0
558,ACPI_27,SVC,com,92.0,91.7,91.7,93.3,91.9,1.0
559,ACPI_27,SVC,com,91.7,91.7,91.7,92.9,91.6,1.0
560,ACPI_28,SVC,com,76.0,76.9,76.9,83.3,75.0,0.1
561,ACPI_28,SVC,com,76.0,76.6,76.6,78.8,75.6,0.1
562,ACPI_28,SVC,com,76.0,75.6,75.6,76.7,75.6,0.1
563,ACPI_28,SVC,com,88.0,87.5,87.5,90.6,87.7,0.1
564,ACPI_28,SVC,com,83.3,83.3,83.3,87.5,82.9,0.1
565,ACPI_28,SVC,com,76.0,76.9,76.9,83.3,75.0,0.2
566,ACPI_28,SVC,com,76.0,76.6,76.6,78.8,75.6,0.2
567,ACPI_28,SVC,com,76.0,75.6,75.6,76.7,75.6,0.2
568,ACPI_28,SVC,com,88.0,87.5,87.5,90.6,87.7,0.2
569,ACPI_28,SVC,com,83.3,83.3,83.3,87.5,82.9,0.2
570,ACPI_28,SVC,com,92.0,92.3,92.3,92.9,92.0,0.5
571,ACPI_28,SVC,com,84.0,84.3,84.3,84.7,84.0,0.5
572,ACPI_28,SVC,com,92.0,91.7,91.7,93.3,91.9,0.5
573,ACPI_28,SVC,com,96.0,95.8,95.8,96.4,96.0,0.5
574,ACPI_28,SVC,com,87.5,87.5,87.5,90.0,87.3,0.5
575,ACPI_28,SVC,com,92.0,92.3,92.3,92.9,92.0,1.0
576,ACPI_28,SVC,com,92.0,92.3,92.3,92.9,92.0,1.0
577,ACPI_28,SVC,com,96.0,95.8,95.8,96.4,96.0,1.0
578,ACPI_28,SVC,com,92.0,91.7,91.7,93.3,91.9,1.0
579,ACPI_28,SVC,com,91.7,91.7,91.7,92.9,91.6,1.0
580,ACPI_29,SVC,com,76.0,76.9,76.9,83.3,75.0,0.1
581,ACPI_29,SVC,com,84.0,84.6,84.6,87.5,83.8,0.1
582,ACPI_29,SVC,com,84.0,83.3,83.3,88.2,83.3,0.1
583,ACPI_29,SVC,com,92.0,91.7,91.7,93.3,91.9,0.1
584,ACPI_29,SVC,com,83.3,83.3,83.3,87.5,82.9,0.1
585,ACPI_29,SVC,com,76.0,76.9,76.9,83.3,75.0,0.2
586,ACPI_29,SVC,com,84.0,84.6,84.6,87.5,83.8,0.2
587,ACPI_29,SVC,com,84.0,83.3,83.3,88.2,83.3,0.2
588,ACPI_29,SVC,com,92.0,91.7,91.7,93.3,91.9,0.2
589,ACPI_29,SVC,com,83.3,83.3,83.3,87.5,82.9,0.2
590,ACPI_29,SVC,com,92.0,92.3,92.3,92.9,92.0,0.5
591,ACPI_29,SVC,com,88.0,88.5,88.5,90.0,87.9,0.5
592,ACPI_29,SVC,com,92.0,91.7,91.7,93.3,91.9,0.5
593,ACPI_29,SVC,com,96.0,95.8,95.8,96.4,96.0,0.5
594,ACPI_29,SVC,com,87.5,87.5,87.5,90.0,87.3,0.5
595,ACPI_29,SVC,com,96.0,96.2,96.2,96.2,96.0,1.0
596,ACPI_29,SVC,com,88.0,88.5,88.5,90.0,87.9,1.0
597,ACPI_29,SVC,com,100.0,100.0,100.0,100.0,100.0,1.0
598,ACPI_29,SVC,com,92.0,91.7,91.7,93.3,91.9,1.0
599,ACPI_29,SVC,com,91.7,91.7,91.7,92.9,91.6,1.0
600,ACPI_30,SVC,com,84.0,84.6,84.6,87.5,83.8,0.1
601,ACPI_30,SVC,com,80.0,80.8,80.8,85.3,79.5,0.1
602,ACPI_30,SVC,com,84.0,83.3,83.3,88.2,83.3,0.1
603,ACPI_30,SVC,com,88.0,87.5,87.5,90.6,87.7,0.1
604,ACPI_30,SVC,com,83.3,83.3,83.3,87.5,82.9,0.1
605,ACPI_30,SVC,com,76.0,76.9,76.9,83.3,75.0,0.2
606,ACPI_30,SVC,com,80.0,80.8,80.8,85.3,79.5,0.2
607,ACPI_30,SVC,com,84.0,83.3,83.3,88.2,83.3,0.2
608,ACPI_30,SVC,com,88.0,87.5,87.5,90.6,87.7,0.2
609,ACPI_30,SVC,com,83.3,83.3,83.3,87.5,82.9,0.2
610,ACPI_30,SVC,com,92.0,92.3,92.3,92.9,92.0,0.5
611,ACPI_30,SVC,com,84.0,84.6,84.6,87.5,83.8,0.5
612,ACPI_30,SVC,com,92.0,91.7,91.7,93.3,91.9,0.5
613,ACPI_30,SVC,com,96.0,95.8,95.8,96.4,96.0,0.5
614,ACPI_30,SVC,com,87.5,87.5,87.5,90.0,87.3,0.5
615,ACPI_30,SVC,com,92.0,92.3,92.3,92.9,92.0,1.0
616,ACPI_30,SVC,com,88.0,88.5,88.5,90.0,87.9,1.0
617,ACPI_30,SVC,com,96.0,95.8,95.8,96.4,96.0,1.0
618,ACPI_30,SVC,com,92.0,91.7,91.7,93.3,91.9,1.0
619,ACPI_30,SVC,com,91.7,91.7,91.7,92.9,91.6,1.0
620,ACPI_31,SVC,com,84.0,84.6,84.6,87.5,83.8,0.1
621,ACPI_31,SVC,com,80.0,80.8,80.8,85.3,79.5,0.1
622,ACPI_31,SVC,com,84.0,83.3,83.3,88.2,83.3,0.1
623,ACPI_31,SVC,com,88.0,87.5,87.5,90.6,87.7,0.1
624,ACPI_31,SVC,com,83.3,83.3,83.3,87.5,82.9,0.1
625,ACPI_31,SVC,com,84.0,84.6,84.6,87.5,83.8,0.2
626,ACPI_31,SVC,com,80.0,80.8,80.8,85.3,79.5,0.2
627,ACPI_31,SVC,com,84.0,83.3,83.3,88.2,83.3,0.2
628,ACPI_31,SVC,com,88.0,87.5,87.5,90.6,87.7,0.2
629,ACPI_31,SVC,com,83.3,83.3,83.3,87.5,82.9,0.2
630,ACPI_31,SVC,com,88.0,88.5,88.5,90.0,87.9,0.5
631,ACPI_31,SVC,com,88.0,88.5,88.5,90.0,87.9,0.5
632,ACPI_31,SVC,com,92.0,91.7,91.7,93.3,91.9,0.5
633,ACPI_31,SVC,com,96.0,95.8,95.8,96.4,96.0,0.5
634,ACPI_31,SVC,com,87.5,87.5,87.5,90.0,87.3,0.5
635,ACPI_31,SVC,com,92.0,92.3,92.3,92.9,92.0,1.0
636,ACPI_31,SVC,com,88.0,88.5,88.5,90.0,87.9,1.0
637,ACPI_31,SVC,com,96.0,95.8,95.8,96.4,96.0,1.0
638,ACPI_31,SVC,com,92.0,91.7,91.7,93.3,91.9,1.0
639,ACPI_31,SVC,com,83.3,83.3,83.3,87.5,82.9,1.0
640,ACPI_32,SVC,com,88.0,88.5,88.5,90.0,87.9,0.1
641,ACPI_32,SVC,com,80.0,80.8,80.8,85.3,79.5,0.1
642,ACPI_32,SVC,com,84.0,83.3,83.3,88.2,83.3,0.1
643,ACPI_32,SVC,com,88.0,87.5,87.5,90.6,87.7,0.1
644,ACPI_32,SVC,com,83.3,83.3,83.3,87.5,82.9,0.1
645,ACPI_32,SVC,com,84.0,84.6,84.6,87.5,83.8,0.2
646,ACPI_32,SVC,com,80.0,80.8,80.8,85.3,79.5,0.2
647,ACPI_32,SVC,com,84.0,83.3,83.3,88.2,83.3,0.2
648,ACPI_32,SVC,com,88.0,87.5,87.5,90.6,87.7,0.2
649,ACPI_32,SVC,com,83.3,83.3,83.3,87.5,82.9,0.2
650,ACPI_32,SVC,com,92.0,92.3,92.3,92.9,92.0,0.5
651,ACPI_32,SVC,com,88.0,88.5,88.5,90.0,87.9,0.5
652,ACPI_32,SVC,com,92.0,91.7,91.7,93.3,91.9,0.5
653,ACPI_32,SVC,com,96.0,95.8,95.8,96.4,96.0,0.5
654,ACPI_32,SVC,com,87.5,87.5,87.5,90.0,87.3,0.5
655,ACPI_32,SVC,com,96.0,96.2,96.2,96.2,96.0,1.0
656,ACPI_32,SVC,com,88.0,88.5,88.5,90.0,87.9,1.0
657,ACPI_32,SVC,com,96.0,95.8,95.8,96.4,96.0,1.0
658,ACPI_32,SVC,com,92.0,91.7,91.7,93.3,91.9,1.0
659,ACPI_32,SVC,com,83.3,83.3,83.3,87.5,82.9,1.0
660,ACPI_33,SVC,com,84.0,84.6,84.6,87.5,83.8,0.1
661,ACPI_33,SVC,com,80.0,80.8,80.8,85.3,79.5,0.1
662,ACPI_33,SVC,com,80.0,79.5,79.5,81.9,79.5,0.1
663,ACPI_33,SVC,com,88.0,87.5,87.5,90.6,87.7,0.1
664,ACPI_33,SVC,com,83.3,83.3,83.3,87.5,82.9,0.1
665,ACPI_33,SVC,com,76.0,76.9,76.9,83.3,75.0,0.2
666,ACPI_33,SVC,com,80.0,80.8,80.8,85.3,79.5,0.2
667,ACPI_33,SVC,com,80.0,79.5,79.5,81.9,79.5,0.2
668,ACPI_33,SVC,com,88.0,87.5,87.5,90.6,87.7,0.2
669,ACPI_33,SVC,com,83.3,83.3,83.3,87.5,82.9,0.2
670,ACPI_33,SVC,com,88.0,88.5,88.5,90.0,87.9,0.5
671,ACPI_33,SVC,com,84.0,84.6,84.6,87.5,83.8,0.5
672,ACPI_33,SVC,com,88.0,87.8,87.8,88.3,87.9,0.5
673,ACPI_33,SVC,com,96.0,95.8,95.8,96.4,96.0,0.5
674,ACPI_33,SVC,com,87.5,87.5,87.5,90.0,87.3,0.5
675,ACPI_33,SVC,com,96.0,96.2,96.2,96.2,96.0,1.0
676,ACPI_33,SVC,com,88.0,88.5,88.5,90.0,87.9,1.0
677,ACPI_33,SVC,com,100.0,100.0,100.0,100.0,100.0,1.0
678,ACPI_33,SVC,com,92.0,91.7,91.7,93.3,91.9,1.0
679,ACPI_33,SVC,com,87.5,87.5,87.5,90.0,87.3,1.0
680,ACPI_34,SVC,com,84.0,84.6,84.6,87.5,83.8,0.1
681,ACPI_34,SVC,com,80.0,80.4,80.4,81.7,79.9,0.1
682,ACPI_34,SVC,com,76.0,75.6,75.6,76.7,75.6,0.1
683,ACPI_34,SVC,com,88.0,87.5,87.5,90.6,87.7,0.1
684,ACPI_34,SVC,com,79.2,79.2,79.2,85.3,78.2,0.1
685,ACPI_34,SVC,com,84.0,84.6,84.6,87.5,83.8,0.2
686,ACPI_34,SVC,com,84.0,84.6,84.6,87.5,83.8,0.2
687,ACPI_34,SVC,com,76.0,75.6,75.6,76.7,75.6,0.2
688,ACPI_34,SVC,com,88.0,87.5,87.5,90.6,87.7,0.2
689,ACPI_34,SVC,com,79.2,79.2,79.2,85.3,78.2,0.2
690,ACPI_34,SVC,com,88.0,88.5,88.5,90.0,87.9,0.5
691,ACPI_34,SVC,com,84.0,84.6,84.6,87.5,83.8,0.5
692,ACPI_34,SVC,com,88.0,87.8,87.8,88.3,87.9,0.5
693,ACPI_34,SVC,com,96.0,95.8,95.8,96.4,96.0,0.5
694,ACPI_34,SVC,com,83.3,83.3,83.3,87.5,82.9,0.5
695,ACPI_34,SVC,com,92.0,92.3,92.3,92.9,92.0,1.0
696,ACPI_34,SVC,com,88.0,88.5,88.5,90.0,87.9,1.0
697,ACPI_34,SVC,com,96.0,95.8,95.8,96.4,96.0,1.0
698,ACPI_34,SVC,com,92.0,91.7,91.7,93.3,91.9,1.0
699,ACPI_34,SVC,com,87.5,87.5,87.5,90.0,87.3,1.0
700,ACPI_35,SVC,com,88.0,88.5,88.5,90.0,87.9,0.1
701,ACPI_35,SVC,com,80.0,80.8,80.8,85.3,79.5,0.1
702,ACPI_35,SVC,com,84.0,83.3,83.3,88.2,83.3,0.1
703,ACPI_35,SVC,com,88.0,87.5,87.5,90.6,87.7,0.1
704,ACPI_35,SVC,com,83.3,83.3,83.3,87.5,82.9,0.1
705,ACPI_35,SVC,com,88.0,88.5,88.5,90.0,87.9,0.2
706,ACPI_35,SVC,com,80.0,80.8,80.8,85.3,79.5,0.2
707,ACPI_35,SVC,com,84.0,83.3,83.3,88.2,83.3,0.2
708,ACPI_35,SVC,com,92.0,91.7,91.7,93.3,91.9,0.2
709,ACPI_35,SVC,com,83.3,83.3,83.3,87.5,82.9,0.2
710,ACPI_35,SVC,com,92.0,92.3,92.3,92.9,92.0,0.5
711,ACPI_35,SVC,com,88.0,88.5,88.5,90.0,87.9,0.5
712,ACPI_35,SVC,com,92.0,91.7,91.7,93.3,91.9,0.5
713,ACPI_35,SVC,com,96.0,95.8,95.8,96.4,96.0,0.5
714,ACPI_35,SVC,com,87.5,87.5,87.5,90.0,87.3,0.5
715,ACPI_35,SVC,com,96.0,96.2,96.2,96.2,96.0,1.0
716,ACPI_35,SVC,com,88.0,88.5,88.5,90.0,87.9,1.0
717,ACPI_35,SVC,com,96.0,95.8,95.8,96.4,96.0,1.0
718,ACPI_35,SVC,com,92.0,91.7,91.7,93.3,91.9,1.0
719,ACPI_35,SVC,com,91.7,91.7,91.7,92.9,91.6,1.0
720,ACPI_36,SVC,com,76.0,76.9,76.9,83.3,75.0,0.1
721,ACPI_36,SVC,com,80.0,80.8,80.8,85.3,79.5,0.1
722,ACPI_36,SVC,com,84.0,83.3,83.3,88.2,83.3,0.1
723,ACPI_36,SVC,com,88.0,87.5,87.5,90.6,87.7,0.1
724,ACPI_36,SVC,com,83.3,83.3,83.3,87.5,82.9,0.1
725,ACPI_36,SVC,com,76.0,76.9,76.9,83.3,75.0,0.2
726,ACPI_36,SVC,com,80.0,80.8,80.8,85.3,79.5,0.2
727,ACPI_36,SVC,com,84.0,83.3,83.3,88.2,83.3,0.2
728,ACPI_36,SVC,com,88.0,87.5,87.5,90.6,87.7,0.2
729,ACPI_36,SVC,com,83.3,83.3,83.3,87.5,82.9,0.2
730,ACPI_36,SVC,com,92.0,92.3,92.3,92.9,92.0,0.5
731,ACPI_36,SVC,com,88.0,88.5,88.5,90.0,87.9,0.5
732,ACPI_36,SVC,com,92.0,91.7,91.7,93.3,91.9,0.5
733,ACPI_36,SVC,com,96.0,95.8,95.8,96.4,96.0,0.5
734,ACPI_36,SVC,com,87.5,87.5,87.5,90.0,87.3,0.5
735,ACPI_36,SVC,com,92.0,92.3,92.3,92.9,92.0,1.0
736,ACPI_36,SVC,com,88.0,88.5,88.5,90.0,87.9,1.0
737,ACPI_36,SVC,com,100.0,100.0,100.0,100.0,100.0,1.0
738,ACPI_36,SVC,com,96.0,95.8,95.8,96.4,96.0,1.0
739,ACPI_36,SVC,com,91.7,91.7,91.7,92.9,91.6,1.0
740,ACPI_37,SVC,com,84.0,84.6,84.6,87.5,83.8,0.1
741,ACPI_37,SVC,com,80.0,80.8,80.8,85.3,79.5,0.1
742,ACPI_37,SVC,com,84.0,83.3,83.3,88.2,83.3,0.1
743,ACPI_37,SVC,com,88.0,87.5,87.5,90.6,87.7,0.1
744,ACPI_37,SVC,com,83.3,83.3,83.3,87.5,82.9,0.1
745,ACPI_37,SVC,com,76.0,76.9,76.9,83.3,75.0,0.2
746,ACPI_37,SVC,com,80.0,80.8,80.8,85.3,79.5,0.2
747,ACPI_37,SVC,com,84.0,83.3,83.3,88.2,83.3,0.2
748,ACPI_37,SVC,com,88.0,87.5,87.5,90.6,87.7,0.2
749,ACPI_37,SVC,com,83.3,83.3,83.3,87.5,82.9,0.2
750,ACPI_37,SVC,com,92.0,92.3,92.3,92.9,92.0,0.5
751,ACPI_37,SVC,com,88.0,88.5,88.5,90.0,87.9,0.5
752,ACPI_37,SVC,com,92.0,91.7,91.7,93.3,91.9,0.5
753,ACPI_37,SVC,com,96.0,95.8,95.8,96.4,96.0,0.5
754,ACPI_37,SVC,com,87.5,87.5,87.5,90.0,87.3,0.5
755,ACPI_37,SVC,com,92.0,92.3,92.3,92.9,92.0,1.0
756,ACPI_37,SVC,com,88.0,88.5,88.5,90.0,87.9,1.0
757,ACPI_37,SVC,com,96.0,95.8,95.8,96.4,96.0,1.0
758,ACPI_37,SVC,com,92.0,91.7,91.7,93.3,91.9,1.0
759,ACPI_37,SVC,com,87.5,87.5,87.5,90.0,87.3,1.0
760,ACPI_38,SVC,com,80.0,80.4,80.4,81.7,79.9,0.1
761,ACPI_38,SVC,com,84.0,84.6,84.6,87.5,83.8,0.1
762,ACPI_38,SVC,com,84.0,83.3,83.3,88.2,83.3,0.1
763,ACPI_38,SVC,com,92.0,91.7,91.7,93.3,91.9,0.1
764,ACPI_38,SVC,com,79.2,79.2,79.2,85.3,78.2,0.1
765,ACPI_38,SVC,com,80.0,80.4,80.4,81.7,79.9,0.2
766,ACPI_38,SVC,com,84.0,84.6,84.6,87.5,83.8,0.2
767,ACPI_38,SVC,com,84.0,83.3,83.3,88.2,83.3,0.2
768,ACPI_38,SVC,com,92.0,91.7,91.7,93.3,91.9,0.2
769,ACPI_38,SVC,com,79.2,79.2,79.2,85.3,78.2,0.2
770,ACPI_38,SVC,com,88.0,88.5,88.5,90.0,87.9,0.5
771,ACPI_38,SVC,com,84.0,84.6,84.6,87.5,83.8,0.5
772,ACPI_38,SVC,com,96.0,95.8,95.8,96.4,96.0,0.5
773,ACPI_38,SVC,com,96.0,95.8,95.8,96.4,96.0,0.5
774,ACPI_38,SVC,com,83.3,83.3,83.3,87.5,82.9,0.5
775,ACPI_38,SVC,com,96.0,96.2,96.2,96.2,96.0,1.0
776,ACPI_38,SVC,com,88.0,88.5,88.5,90.0,87.9,1.0
777,ACPI_38,SVC,com,100.0,100.0,100.0,100.0,100.0,1.0
778,ACPI_38,SVC,com,92.0,91.7,91.7,93.3,91.9,1.0
779,ACPI_38,SVC,com,87.5,87.5,87.5,90.0,87.3,1.0
780,ACPI_39,SVC,com,72.0,72.8,72.8,76.1,71.3,0.1
781,ACPI_39,SVC,com,80.0,80.8,80.8,85.3,79.5,0.1
782,ACPI_39,SVC,com,84.0,83.3,83.3,88.2,83.3,0.1
783,ACPI_39,SVC,com,88.0,87.5,87.5,90.6,87.7,0.1
784,ACPI_39,SVC,com,83.3,83.3,83.3,87.5,82.9,0.1
785,ACPI_39,SVC,com,72.0,72.8,72.8,76.1,71.3,0.2
786,ACPI_39,SVC,com,80.0,80.8,80.8,85.3,79.5,0.2
787,ACPI_39,SVC,com,84.0,83.3,83.3,88.2,83.3,0.2
788,ACPI_39,SVC,com,88.0,87.5,87.5,90.6,87.7,0.2
789,ACPI_39,SVC,com,83.3,83.3,83.3,87.5,82.9,0.2
790,ACPI_39,SVC,com,88.0,88.1,88.1,88.1,88.0,0.5
791,ACPI_39,SVC,com,88.0,88.5,88.5,90.0,87.9,0.5
792,ACPI_39,SVC,com,92.0,91.7,91.7,93.3,91.9,0.5
793,ACPI_39,SVC,com,96.0,95.8,95.8,96.4,96.0,0.5
794,ACPI_39,SVC,com,87.5,87.5,87.5,90.0,87.3,0.5
795,ACPI_39,SVC,com,96.0,96.2,96.2,96.2,96.0,1.0
796,ACPI_39,SVC,com,88.0,88.5,88.5,90.0,87.9,1.0
797,ACPI_39,SVC,com,100.0,100.0,100.0,100.0,100.0,1.0
798,ACPI_39,SVC,com,92.0,91.7,91.7,93.3,91.9,1.0
799,ACPI_39,SVC,com,87.5,87.5,87.5,90.0,87.3,1.0
800,ACPI_40,SVC,com,84.0,84.6,84.6,87.5,83.8,0.1
801,ACPI_40,SVC,com,76.0,76.6,76.6,78.8,75.6,0.1
802,ACPI_40,SVC,com,84.0,83.3,83.3,88.2,83.3,0.1
803,ACPI_40,SVC,com,88.0,87.5,87.5,90.6,87.7,0.1
804,ACPI_40,SVC,com,83.3,83.3,83.3,87.5,82.9,0.1
805,ACPI_40,SVC,com,84.0,84.6,84.6,87.5,83.8,0.2
806,ACPI_40,SVC,com,76.0,76.6,76.6,78.8,75.6,0.2
807,ACPI_40,SVC,com,84.0,83.3,83.3,88.2,83.3,0.2
808,ACPI_40,SVC,com,92.0,91.7,91.7,93.3,91.9,0.2
809,ACPI_40,SVC,com,83.3,83.3,83.3,87.5,82.9,0.2
810,ACPI_40,SVC,com,92.0,92.3,92.3,92.9,92.0,0.5
811,ACPI_40,SVC,com,84.0,84.3,84.3,84.7,84.0,0.5
812,ACPI_40,SVC,com,92.0,91.7,91.7,93.3,91.9,0.5
813,ACPI_40,SVC,com,96.0,95.8,95.8,96.4,96.0,0.5
814,ACPI_40,SVC,com,87.5,87.5,87.5,90.0,87.3,0.5
815,ACPI_40,SVC,com,92.0,92.3,92.3,92.9,92.0,1.0
816,ACPI_40,SVC,com,88.0,88.5,88.5,90.0,87.9,1.0
817,ACPI_40,SVC,com,100.0,100.0,100.0,100.0,100.0,1.0
818,ACPI_40,SVC,com,92.0,91.7,91.7,93.3,91.9,1.0
819,ACPI_40,SVC,com,87.5,87.5,87.5,90.0,87.3,1.0
820,ACPI_41,SVC,com,76.0,76.9,76.9,83.3,75.0,0.1
821,ACPI_41,SVC,com,72.0,72.4,72.4,73.3,71.8,0.1
822,ACPI_41,SVC,com,80.0,79.5,79.5,81.9,79.5,0.1
823,ACPI_41,SVC,com,88.0,87.5,87.5,90.6,87.7,0.1
824,ACPI_41,SVC,com,83.3,83.3,83.3,87.5,82.9,0.1
825,ACPI_41,SVC,com,76.0,76.9,76.9,83.3,75.0,0.2
826,ACPI_41,SVC,com,72.0,72.4,72.4,73.3,71.8,0.2
827,ACPI_41,SVC,com,80.0,79.5,79.5,81.9,79.5,0.2
828,ACPI_41,SVC,com,92.0,91.7,91.7,93.3,91.9,0.2
829,ACPI_41,SVC,com,83.3,83.3,83.3,87.5,82.9,0.2
830,ACPI_41,SVC,com,92.0,92.3,92.3,92.9,92.0,0.5
831,ACPI_41,SVC,com,84.0,84.3,84.3,84.7,84.0,0.5
832,ACPI_41,SVC,com,92.0,91.7,91.7,93.3,91.9,0.5
833,ACPI_41,SVC,com,96.0,95.8,95.8,96.4,96.0,0.5
834,ACPI_41,SVC,com,87.5,87.5,87.5,90.0,87.3,0.5
835,ACPI_41,SVC,com,96.0,96.2,96.2,96.2,96.0,1.0
836,ACPI_41,SVC,com,88.0,88.5,88.5,90.0,87.9,1.0
837,ACPI_41,SVC,com,100.0,100.0,100.0,100.0,100.0,1.0
838,ACPI_41,SVC,com,92.0,91.7,91.7,93.3,91.9,1.0
839,ACPI_41,SVC,com,91.7,91.7,91.7,92.9,91.6,1.0
840,ACPI_42,SVC,com,84.0,84.6,84.6,87.5,83.8,0.1
841,ACPI_42,SVC,com,80.0,80.8,80.8,85.3,79.5,0.1
842,ACPI_42,SVC,com,84.0,83.3,83.3,88.2,83.3,0.1
843,ACPI_42,SVC,com,88.0,87.5,87.5,90.6,87.7,0.1
844,ACPI_42,SVC,com,83.3,83.3,83.3,87.5,82.9,0.1
845,ACPI_42,SVC,com,84.0,84.6,84.6,87.5,83.8,0.2
846,ACPI_42,SVC,com,80.0,80.8,80.8,85.3,79.5,0.2
847,ACPI_42,SVC,com,84.0,83.3,83.3,88.2,83.3,0.2
848,ACPI_42,SVC,com,88.0,87.5,87.5,90.6,87.7,0.2
849,ACPI_42,SVC,com,83.3,83.3,83.3,87.5,82.9,0.2
850,ACPI_42,SVC,com,92.0,92.3,92.3,92.9,92.0,0.5
851,ACPI_42,SVC,com,88.0,88.5,88.5,90.0,87.9,0.5
852,ACPI_42,SVC,com,96.0,95.8,95.8,96.4,96.0,0.5
853,ACPI_42,SVC,com,96.0,95.8,95.8,96.4,96.0,0.5
854,ACPI_42,SVC,com,87.5,87.5,87.5,90.0,87.3,0.5
855,ACPI_42,SVC,com,96.0,96.2,96.2,96.2,96.0,1.0
856,ACPI_42,SVC,com,88.0,88.5,88.5,90.0,87.9,1.0
857,ACPI_42,SVC,com,100.0,100.0,100.0,100.0,100.0,1.0
858,ACPI_42,SVC,com,92.0,91.7,91.7,93.3,91.9,1.0
859,ACPI_42,SVC,com,87.5,87.5,87.5,90.0,87.3,1.0
860,ACPI_43,SVC,com,76.0,76.9,76.9,83.3,75.0,0.1
861,ACPI_43,SVC,com,80.0,80.8,80.8,85.3,79.5,0.1
862,ACPI_43,SVC,com,80.0,79.5,79.5,81.9,79.5,0.1
863,ACPI_43,SVC,com,88.0,87.5,87.5,90.6,87.7,0.1
864,ACPI_43,SVC,com,79.2,79.2,79.2,85.3,78.2,0.1
865,ACPI_43,SVC,com,76.0,76.9,76.9,83.3,75.0,0.2
866,ACPI_43,SVC,com,80.0,80.8,80.8,85.3,79.5,0.2
867,ACPI_43,SVC,com,84.0,83.3,83.3,88.2,83.3,0.2
868,ACPI_43,SVC,com,88.0,87.5,87.5,90.6,87.7,0.2
869,ACPI_43,SVC,com,79.2,79.2,79.2,85.3,78.2,0.2
870,ACPI_43,SVC,com,88.0,88.5,88.5,90.0,87.9,0.5
871,ACPI_43,SVC,com,84.0,84.6,84.6,87.5,83.8,0.5
872,ACPI_43,SVC,com,96.0,95.8,95.8,96.4,96.0,0.5
873,ACPI_43,SVC,com,96.0,95.8,95.8,96.4,96.0,0.5
874,ACPI_43,SVC,com,83.3,83.3,83.3,87.5,82.9,0.5
875,ACPI_43,SVC,com,92.0,92.3,92.3,92.9,92.0,1.0
876,ACPI_43,SVC,com,88.0,88.5,88.5,90.0,87.9,1.0
877,ACPI_43,SVC,com,96.0,95.8,95.8,96.4,96.0,1.0
878,ACPI_43,SVC,com,92.0,91.7,91.7,93.3,91.9,1.0
879,ACPI_43,SVC,com,87.5,87.5,87.5,90.0,87.3,1.0
880,ACPI_44,SVC,com,84.0,84.6,84.6,87.5,83.8,0.1
881,ACPI_44,SVC,com,80.0,80.8,80.8,85.3,79.5,0.1
882,ACPI_44,SVC,com,84.0,83.3,83.3,88.2,83.3,0.1
883,ACPI_44,SVC,com,88.0,87.5,87.5,90.6,87.7,0.1
884,ACPI_44,SVC,com,83.3,83.3,83.3,87.5,82.9,0.1
885,ACPI_44,SVC,com,84.0,84.6,84.6,87.5,83.8,0.2
886,ACPI_44,SVC,com,80.0,80.8,80.8,85.3,79.5,0.2
887,ACPI_44,SVC,com,84.0,83.3,83.3,88.2,83.3,0.2
888,ACPI_44,SVC,com,88.0,87.5,87.5,90.6,87.7,0.2
889,ACPI_44,SVC,com,83.3,83.3,83.3,87.5,82.9,0.2
890,ACPI_44,SVC,com,92.0,92.3,92.3,92.9,92.0,0.5
891,ACPI_44,SVC,com,84.0,84.6,84.6,87.5,83.8,0.5
892,ACPI_44,SVC,com,96.0,95.8,95.8,96.4,96.0,0.5
893,ACPI_44,SVC,com,96.0,95.8,95.8,96.4,96.0,0.5
894,ACPI_44,SVC,com,83.3,83.3,83.3,87.5,82.9,0.5
895,ACPI_44,SVC,com,96.0,96.2,96.2,96.2,96.0,1.0
896,ACPI_44,SVC,com,88.0,88.5,88.5,90.0,87.9,1.0
897,ACPI_44,SVC,com,96.0,95.8,95.8,96.4,96.0,1.0
898,ACPI_44,SVC,com,92.0,91.7,91.7,93.3,91.9,1.0
899,ACPI_44,SVC,com,87.5,87.5,87.5,90.0,87.3,1.0
900,ACPI_45,SVC,com,76.0,76.9,76.9,83.3,75.0,0.1
901,ACPI_45,SVC,com,80.0,80.8,80.8,85.3,79.5,0.1
902,ACPI_45,SVC,com,84.0,83.3,83.3,88.2,83.3,0.1
903,ACPI_45,SVC,com,88.0,87.5,87.5,90.6,87.7,0.1
904,ACPI_45,SVC,com,83.3,83.3,83.3,87.5,82.9,0.1
905,ACPI_45,SVC,com,88.0,88.5,88.5,90.0,87.9,0.2
906,ACPI_45,SVC,com,80.0,80.8,80.8,85.3,79.5,0.2
907,ACPI_45,SVC,com,84.0,83.3,83.3,88.2,83.3,0.2
908,ACPI_45,SVC,com,88.0,87.5,87.5,90.6,87.7,0.2
909,ACPI_45,SVC,com,83.3,83.3,83.3,87.5,82.9,0.2
910,ACPI_45,SVC,com,92.0,92.3,92.3,92.9,92.0,0.5
911,ACPI_45,SVC,com,88.0,88.5,88.5,90.0,87.9,0.5
912,ACPI_45,SVC,com,92.0,91.7,91.7,93.3,91.9,0.5
913,ACPI_45,SVC,com,96.0,95.8,95.8,96.4,96.0,0.5
914,ACPI_45,SVC,com,87.5,87.5,87.5,90.0,87.3,0.5
915,ACPI_45,SVC,com,96.0,96.2,96.2,96.2,96.0,1.0
916,ACPI_45,SVC,com,88.0,88.5,88.5,90.0,87.9,1.0
917,ACPI_45,SVC,com,100.0,100.0,100.0,100.0,100.0,1.0
918,ACPI_45,SVC,com,96.0,95.8,95.8,96.4,96.0,1.0
919,ACPI_45,SVC,com,91.7,91.7,91.7,92.9,91.6,1.0
920,ACPI_46,SVC,com,76.0,76.9,76.9,83.3,75.0,0.1
921,ACPI_46,SVC,com,76.0,76.6,76.6,78.8,75.6,0.1
922,ACPI_46,SVC,com,80.0,79.5,79.5,81.9,79.5,0.1
923,ACPI_46,SVC,com,88.0,87.5,87.5,90.6,87.7,0.1
924,ACPI_46,SVC,com,79.2,79.2,79.2,85.3,78.2,0.1
925,ACPI_46,SVC,com,76.0,76.9,76.9,83.3,75.0,0.2
926,ACPI_46,SVC,com,76.0,76.6,76.6,78.8,75.6,0.2
927,ACPI_46,SVC,com,80.0,79.5,79.5,81.9,79.5,0.2
928,ACPI_46,SVC,com,88.0,87.5,87.5,90.6,87.7,0.2
929,ACPI_46,SVC,com,79.2,79.2,79.2,85.3,78.2,0.2
930,ACPI_46,SVC,com,88.0,88.5,88.5,90.0,87.9,0.5
931,ACPI_46,SVC,com,84.0,84.6,84.6,87.5,83.8,0.5
932,ACPI_46,SVC,com,92.0,92.0,92.0,92.0,92.0,0.5
933,ACPI_46,SVC,com,96.0,95.8,95.8,96.4,96.0,0.5
934,ACPI_46,SVC,com,83.3,83.3,83.3,87.5,82.9,0.5
935,ACPI_46,SVC,com,96.0,96.2,96.2,96.2,96.0,1.0
936,ACPI_46,SVC,com,88.0,88.5,88.5,90.0,87.9,1.0
937,ACPI_46,SVC,com,96.0,96.2,96.2,96.2,96.0,1.0
938,ACPI_46,SVC,com,92.0,91.7,91.7,93.3,91.9,1.0
939,ACPI_46,SVC,com,87.5,87.5,87.5,90.0,87.3,1.0
940,ACPI_47,SVC,com,76.0,76.9,76.9,83.3,75.0,0.1
941,ACPI_47,SVC,com,80.0,80.8,80.8,85.3,79.5,0.1
942,ACPI_47,SVC,com,76.0,75.6,75.6,76.7,75.6,0.1
943,ACPI_47,SVC,com,88.0,87.5,87.5,90.6,87.7,0.1
944,ACPI_47,SVC,com,83.3,83.3,83.3,87.5,82.9,0.1
945,ACPI_47,SVC,com,84.0,84.6,84.6,87.5,83.8,0.2
946,ACPI_47,SVC,com,80.0,80.8,80.8,85.3,79.5,0.2
947,ACPI_47,SVC,com,76.0,75.6,75.6,76.7,75.6,0.2
948,ACPI_47,SVC,com,88.0,87.5,87.5,90.6,87.7,0.2
949,ACPI_47,SVC,com,83.3,83.3,83.3,87.5,82.9,0.2
950,ACPI_47,SVC,com,92.0,92.3,92.3,92.9,92.0,0.5
951,ACPI_47,SVC,com,88.0,88.5,88.5,90.0,87.9,0.5
952,ACPI_47,SVC,com,92.0,91.7,91.7,93.3,91.9,0.5
953,ACPI_47,SVC,com,96.0,95.8,95.8,96.4,96.0,0.5
954,ACPI_47,SVC,com,87.5,87.5,87.5,90.0,87.3,0.5
955,ACPI_47,SVC,com,96.0,96.2,96.2,96.2,96.0,1.0
956,ACPI_47,SVC,com,88.0,88.5,88.5,90.0,87.9,1.0
957,ACPI_47,SVC,com,100.0,100.0,100.0,100.0,100.0,1.0
958,ACPI_47,SVC,com,92.0,91.7,91.7,93.3,91.9,1.0
959,ACPI_47,SVC,com,87.5,87.5,87.5,90.0,87.3,1.0
960,ACPI_48,SVC,com,80.0,80.4,80.4,81.7,79.9,0.1
961,ACPI_48,SVC,com,84.0,84.6,84.6,87.5,83.8,0.1
962,ACPI_48,SVC,com,84.0,83.3,83.3,88.2,83.3,0.1
963,ACPI_48,SVC,com,92.0,91.7,91.7,93.3,91.9,0.1
964,ACPI_48,SVC,com,83.3,83.3,83.3,87.5,82.9,0.1
965,ACPI_48,SVC,com,80.0,80.4,80.4,81.7,79.9,0.2
966,ACPI_48,SVC,com,84.0,84.6,84.6,87.5,83.8,0.2
967,ACPI_48,SVC,com,84.0,83.3,83.3,88.2,83.3,0.2
968,ACPI_48,SVC,com,92.0,91.7,91.7,93.3,91.9,0.2
969,ACPI_48,SVC,com,83.3,83.3,83.3,87.5,82.9,0.2
970,ACPI_48,SVC,com,88.0,88.1,88.1,88.1,88.0,0.5
971,ACPI_48,SVC,com,88.0,88.5,88.5,90.0,87.9,0.5
972,ACPI_48,SVC,com,92.0,91.7,91.7,93.3,91.9,0.5
973,ACPI_48,SVC,com,96.0,95.8,95.8,96.4,96.0,0.5
974,ACPI_48,SVC,com,87.5,87.5,87.5,90.0,87.3,0.5
975,ACPI_48,SVC,com,96.0,96.2,96.2,96.2,96.0,1.0
976,ACPI_48,SVC,com,88.0,88.5,88.5,90.0,87.9,1.0
977,ACPI_48,SVC,com,100.0,100.0,100.0,100.0,100.0,1.0
978,ACPI_48,SVC,com,92.0,91.7,91.7,93.3,91.9,1.0
979,ACPI_48,SVC,com,91.7,91.7,91.7,92.9,91.6,1.0
980,ACPI_49,SVC,com,76.0,76.9,76.9,83.3,75.0,0.1
981,ACPI_49,SVC,com,80.0,80.8,80.8,85.3,79.5,0.1
982,ACPI_49,SVC,com,84.0,83.3,83.3,88.2,83.3,0.1
983,ACPI_49,SVC,com,88.0,87.5,87.5,90.6,87.7,0.1
984,ACPI_49,SVC,com,83.3,83.3,83.3,87.5,82.9,0.1
985,ACPI_49,SVC,com,76.0,76.9,76.9,83.3,75.0,0.2
986,ACPI_49,SVC,com,80.0,80.8,80.8,85.3,79.5,0.2
987,ACPI_49,SVC,com,84.0,83.3,83.3,88.2,83.3,0.2
988,ACPI_49,SVC,com,88.0,87.5,87.5,90.6,87.7,0.2
989,ACPI_49,SVC,com,83.3,83.3,83.3,87.5,82.9,0.2
990,ACPI_49,SVC,com,88.0,88.5,88.5,90.0,87.9,0.5
991,ACPI_49,SVC,com,88.0,88.5,88.5,90.0,87.9,0.5
992,ACPI_49,SVC,com,96.0,95.8,95.8,96.4,96.0,0.5
993,ACPI_49,SVC,com,96.0,95.8,95.8,96.4,96.0,0.5
994,ACPI_49,SVC,com,87.5,87.5,87.5,90.0,87.3,0.5
995,ACPI_49,SVC,com,96.0,96.2,96.2,96.2,96.0,1.0
996,ACPI_49,SVC,com,88.0,88.5,88.5,90.0,87.9,1.0
997,ACPI_49,SVC,com,100.0,100.0,100.0,100.0,100.0,1.0
998,ACPI_49,SVC,com,92.0,91.7,91.7,93.3,91.9,1.0
999,ACPI_49,SVC,com,91.7,91.7,91.7,92.9,91.6,1.0
1000,ACPI_50,SVC,com,84.0,84.3,84.3,84.7,84.0,0.1
1001,ACPI_50,SVC,com,80.0,80.8,80.8,85.3,79.5,0.1
1002,ACPI_50,SVC,com,84.0,83.3,83.3,88.2,83.3,0.1
1003,ACPI_50,SVC,com,88.0,87.5,87.5,90.6,87.7,0.1
1004,ACPI_50,SVC,com,83.3,83.3,83.3,87.5,82.9,0.1
1005,ACPI_50,SVC,com,84.0,84.6,84.6,87.5,83.8,0.2
1006,ACPI_50,SVC,com,80.0,80.8,80.8,85.3,79.5,0.2
1007,ACPI_50,SVC,com,84.0,83.3,83.3,88.2,83.3,0.2
1008,ACPI_50,SVC,com,88.0,87.5,87.5,90.6,87.7,0.2
1009,ACPI_50,SVC,com,83.3,83.3,83.3,87.5,82.9,0.2
1010,ACPI_50,SVC,com,92.0,92.3,92.3,92.9,92.0,0.5
1011,ACPI_50,SVC,com,88.0,88.5,88.5,90.0,87.9,0.5
1012,ACPI_50,SVC,com,92.0,91.7,91.7,93.3,91.9,0.5
1013,ACPI_50,SVC,com,96.0,95.8,95.8,96.4,96.0,0.5
1014,ACPI_50,SVC,com,87.5,87.5,87.5,90.0,87.3,0.5
1015,ACPI_50,SVC,com,96.0,96.2,96.2,96.2,96.0,1.0
1016,ACPI_50,SVC,com,88.0,88.5,88.5,90.0,87.9,1.0
1017,ACPI_50,SVC,com,96.0,95.8,95.8,96.4,96.0,1.0
1018,ACPI_50,SVC,com,92.0,91.7,91.7,93.3,91.9,1.0
1019,ACPI_50,SVC,com,87.5,87.5,87.5,90.0,87.3,1.0
1020,ACPI_51,SVC,com,84.0,84.6,84.6,87.5,83.8,0.1
1021,ACPI_51,SVC,com,80.0,80.8,80.8,85.3,79.5,0.1
1022,ACPI_51,SVC,com,84.0,83.3,83.3,88.2,83.3,0.1
1023,ACPI_51,SVC,com,88.0,87.5,87.5,90.6,87.7,0.1
1024,ACPI_51,SVC,com,83.3,83.3,83.3,87.5,82.9,0.1
1025,ACPI_51,SVC,com,76.0,76.9,76.9,83.3,75.0,0.2
1026,ACPI_51,SVC,com,80.0,80.8,80.8,85.3,79.5,0.2
1027,ACPI_51,SVC,com,84.0,83.3,83.3,88.2,83.3,0.2
1028,ACPI_51,SVC,com,88.0,87.5,87.5,90.6,87.7,0.2
1029,ACPI_51,SVC,com,83.3,83.3,83.3,87.5,82.9,0.2
1030,ACPI_51,SVC,com,92.0,92.3,92.3,92.9,92.0,0.5
1031,ACPI_51,SVC,com,88.0,88.5,88.5,90.0,87.9,0.5
1032,ACPI_51,SVC,com,92.0,91.7,91.7,93.3,91.9,0.5
1033,ACPI_51,SVC,com,96.0,95.8,95.8,96.4,96.0,0.5
1034,ACPI_51,SVC,com,87.5,87.5,87.5,90.0,87.3,0.5
1035,ACPI_51,SVC,com,96.0,96.2,96.2,96.2,96.0,1.0
1036,ACPI_51,SVC,com,88.0,88.5,88.5,90.0,87.9,1.0
1037,ACPI_51,SVC,com,100.0,100.0,100.0,100.0,100.0,1.0
1038,ACPI_51,SVC,com,92.0,91.7,91.7,93.3,91.9,1.0
1039,ACPI_51,SVC,com,83.3,83.3,83.3,87.5,82.9,1.0
1040,ACPI_52,SVC,com,80.0,80.4,80.4,81.7,79.9,0.1
1041,ACPI_52,SVC,com,80.0,80.8,80.8,85.3,79.5,0.1
1042,ACPI_52,SVC,com,84.0,83.3,83.3,88.2,83.3,0.1
1043,ACPI_52,SVC,com,88.0,87.5,87.5,90.6,87.7,0.1
1044,ACPI_52,SVC,com,83.3,83.3,83.3,87.5,82.9,0.1
1045,ACPI_52,SVC,com,72.0,72.8,72.8,76.1,71.3,0.2
1046,ACPI_52,SVC,com,80.0,80.8,80.8,85.3,79.5,0.2
1047,ACPI_52,SVC,com,84.0,83.3,83.3,88.2,83.3,0.2
1048,ACPI_52,SVC,com,88.0,87.5,87.5,90.6,87.7,0.2
1049,ACPI_52,SVC,com,83.3,83.3,83.3,87.5,82.9,0.2
1050,ACPI_52,SVC,com,84.0,84.3,84.3,84.7,84.0,0.5
1051,ACPI_52,SVC,com,84.0,84.6,84.6,87.5,83.8,0.5
1052,ACPI_52,SVC,com,96.0,95.8,95.8,96.4,96.0,0.5
1053,ACPI_52,SVC,com,96.0,95.8,95.8,96.4,96.0,0.5
1054,ACPI_52,SVC,com,83.3,83.3,83.3,87.5,82.9,0.5
1055,ACPI_52,SVC,com,92.0,92.3,92.3,92.9,92.0,1.0
1056,ACPI_52,SVC,com,88.0,88.5,88.5,90.0,87.9,1.0
1057,ACPI_52,SVC,com,96.0,95.8,95.8,96.4,96.0,1.0
1058,ACPI_52,SVC,com,92.0,91.7,91.7,93.3,91.9,1.0
1059,ACPI_52,SVC,com,87.5,87.5,87.5,90.0,87.3,1.0
1060,ACPI_53,SVC,com,84.0,84.6,84.6,87.5,83.8,0.1
1061,ACPI_53,SVC,com,80.0,80.8,80.8,85.3,79.5,0.1
1062,ACPI_53,SVC,com,84.0,83.3,83.3,88.2,83.3,0.1
1063,ACPI_53,SVC,com,88.0,87.5,87.5,90.6,87.7,0.1
1064,ACPI_53,SVC,com,79.2,79.2,79.2,81.1,78.8,0.1
1065,ACPI_53,SVC,com,84.0,84.6,84.6,87.5,83.8,0.2
1066,ACPI_53,SVC,com,80.0,80.8,80.8,85.3,79.5,0.2
1067,ACPI_53,SVC,com,84.0,83.3,83.3,88.2,83.3,0.2
1068,ACPI_53,SVC,com,88.0,87.5,87.5,90.6,87.7,0.2
1069,ACPI_53,SVC,com,79.2,79.2,79.2,81.1,78.8,0.2
1070,ACPI_53,SVC,com,88.0,88.5,88.5,90.0,87.9,0.5
1071,ACPI_53,SVC,com,80.0,80.8,80.8,85.3,79.5,0.5
1072,ACPI_53,SVC,com,92.0,91.7,91.7,93.3,91.9,0.5
1073,ACPI_53,SVC,com,96.0,95.8,95.8,96.4,96.0,0.5
1074,ACPI_53,SVC,com,87.5,87.5,87.5,90.0,87.3,0.5
1075,ACPI_53,SVC,com,96.0,96.2,96.2,96.2,96.0,1.0
1076,ACPI_53,SVC,com,88.0,88.5,88.5,90.0,87.9,1.0
1077,ACPI_53,SVC,com,96.0,95.8,95.8,96.4,96.0,1.0
1078,ACPI_53,SVC,com,92.0,91.7,91.7,93.3,91.9,1.0
1079,ACPI_53,SVC,com,83.3,83.3,83.3,87.5,82.9,1.0
1080,ACPI_54,SVC,com,84.0,84.6,84.6,87.5,83.8,0.1
1081,ACPI_54,SVC,com,80.0,80.8,80.8,85.3,79.5,0.1
1082,ACPI_54,SVC,com,84.0,83.3,83.3,88.2,83.3,0.1
1083,ACPI_54,SVC,com,92.0,91.7,91.7,93.3,91.9,0.1
1084,ACPI_54,SVC,com,83.3,83.3,83.3,87.5,82.9,0.1
1085,ACPI_54,SVC,com,84.0,84.6,84.6,87.5,83.8,0.2
1086,ACPI_54,SVC,com,80.0,80.8,80.8,85.3,79.5,0.2
1087,ACPI_54,SVC,com,84.0,83.3,83.3,88.2,83.3,0.2
1088,ACPI_54,SVC,com,92.0,91.7,91.7,93.3,91.9,0.2
1089,ACPI_54,SVC,com,83.3,83.3,83.3,87.5,82.9,0.2
1090,ACPI_54,SVC,com,88.0,88.5,88.5,90.0,87.9,0.5
1091,ACPI_54,SVC,com,88.0,88.5,88.5,90.0,87.9,0.5
1092,ACPI_54,SVC,com,92.0,91.7,91.7,93.3,91.9,0.5
1093,ACPI_54,SVC,com,96.0,95.8,95.8,96.4,96.0,0.5
1094,ACPI_54,SVC,com,87.5,87.5,87.5,90.0,87.3,0.5
1095,ACPI_54,SVC,com,96.0,96.2,96.2,96.2,96.0,1.0
1096,ACPI_54,SVC,com,88.0,88.5,88.5,90.0,87.9,1.0
1097,ACPI_54,SVC,com,100.0,100.0,100.0,100.0,100.0,1.0
1098,ACPI_54,SVC,com,92.0,91.7,91.7,93.3,91.9,1.0
1099,ACPI_54,SVC,com,83.3,83.3,83.3,87.5,82.9,1.0
1100,ACPI_55,SVC,com,72.0,72.8,72.8,76.1,71.3,0.1
1101,ACPI_55,SVC,com,72.0,72.4,72.4,73.3,71.8,0.1
1102,ACPI_55,SVC,com,84.0,83.3,83.3,88.2,83.3,0.1
1103,ACPI_55,SVC,com,88.0,87.5,87.5,90.6,87.7,0.1
1104,ACPI_55,SVC,com,83.3,83.3,83.3,87.5,82.9,0.1
1105,ACPI_55,SVC,com,72.0,72.8,72.8,76.1,71.3,0.2
1106,ACPI_55,SVC,com,72.0,72.4,72.4,73.3,71.8,0.2
1107,ACPI_55,SVC,com,84.0,83.3,83.3,88.2,83.3,0.2
1108,ACPI_55,SVC,com,92.0,91.7,91.7,93.3,91.9,0.2
1109,ACPI_55,SVC,com,83.3,83.3,83.3,87.5,82.9,0.2
1110,ACPI_55,SVC,com,88.0,88.1,88.1,88.1,88.0,0.5
1111,ACPI_55,SVC,com,84.0,84.3,84.3,84.7,84.0,0.5
1112,ACPI_55,SVC,com,92.0,91.7,91.7,93.3,91.9,0.5
1113,ACPI_55,SVC,com,96.0,95.8,95.8,96.4,96.0,0.5
1114,ACPI_55,SVC,com,87.5,87.5,87.5,90.0,87.3,0.5
1115,ACPI_55,SVC,com,96.0,96.2,96.2,96.2,96.0,1.0
1116,ACPI_55,SVC,com,88.0,88.5,88.5,90.0,87.9,1.0
1117,ACPI_55,SVC,com,100.0,100.0,100.0,100.0,100.0,1.0
1118,ACPI_55,SVC,com,92.0,91.7,91.7,93.3,91.9,1.0
1119,ACPI_55,SVC,com,83.3,83.3,83.3,87.5,82.9,1.0
1120,ACPI_56,SVC,com,84.0,84.6,84.6,87.5,83.8,0.1
1121,ACPI_56,SVC,com,80.0,80.8,80.8,85.3,79.5,0.1
1122,ACPI_56,SVC,com,84.0,83.3,83.3,88.2,83.3,0.1
1123,ACPI_56,SVC,com,92.0,91.7,91.7,93.3,91.9,0.1
1124,ACPI_56,SVC,com,83.3,83.3,83.3,87.5,82.9,0.1
1125,ACPI_56,SVC,com,84.0,84.6,84.6,87.5,83.8,0.2
1126,ACPI_56,SVC,com,80.0,80.8,80.8,85.3,79.5,0.2
1127,ACPI_56,SVC,com,84.0,83.3,83.3,88.2,83.3,0.2
1128,ACPI_56,SVC,com,92.0,91.7,91.7,93.3,91.9,0.2
1129,ACPI_56,SVC,com,83.3,83.3,83.3,87.5,82.9,0.2
1130,ACPI_56,SVC,com,88.0,88.5,88.5,90.0,87.9,0.5
1131,ACPI_56,SVC,com,80.0,80.8,80.8,85.3,79.5,0.5
1132,ACPI_56,SVC,com,92.0,91.7,91.7,93.3,91.9,0.5
1133,ACPI_56,SVC,com,96.0,95.8,95.8,96.4,96.0,0.5
1134,ACPI_56,SVC,com,83.3,83.3,83.3,87.5,82.9,0.5
1135,ACPI_56,SVC,com,96.0,96.2,96.2,96.2,96.0,1.0
1136,ACPI_56,SVC,com,88.0,88.5,88.5,90.0,87.9,1.0
1137,ACPI_56,SVC,com,100.0,100.0,100.0,100.0,100.0,1.0
1138,ACPI_56,SVC,com,92.0,91.7,91.7,93.3,91.9,1.0
1139,ACPI_56,SVC,com,83.3,83.3,83.3,87.5,82.9,1.0
1140,ACPI_57,SVC,com,76.0,76.9,76.9,83.3,75.0,0.1
1141,ACPI_57,SVC,com,80.0,80.8,80.8,85.3,79.5,0.1
1142,ACPI_57,SVC,com,84.0,83.3,83.3,88.2,83.3,0.1
1143,ACPI_57,SVC,com,88.0,87.5,87.5,90.6,87.7,0.1
1144,ACPI_57,SVC,com,83.3,83.3,83.3,87.5,82.9,0.1
1145,ACPI_57,SVC,com,84.0,84.3,84.3,84.7,84.0,0.2
1146,ACPI_57,SVC,com,80.0,80.8,80.8,85.3,79.5,0.2
1147,ACPI_57,SVC,com,84.0,83.3,83.3,88.2,83.3,0.2
1148,ACPI_57,SVC,com,92.0,91.7,91.7,93.3,91.9,0.2
1149,ACPI_57,SVC,com,83.3,83.3,83.3,87.5,82.9,0.2
1150,ACPI_57,SVC,com,92.0,92.3,92.3,92.9,92.0,0.5
1151,ACPI_57,SVC,com,88.0,88.5,88.5,90.0,87.9,0.5
1152,ACPI_57,SVC,com,92.0,91.7,91.7,93.3,91.9,0.5
1153,ACPI_57,SVC,com,96.0,95.8,95.8,96.4,96.0,0.5
1154,ACPI_57,SVC,com,87.5,87.5,87.5,90.0,87.3,0.5
1155,ACPI_57,SVC,com,96.0,96.2,96.2,96.2,96.0,1.0
1156,ACPI_57,SVC,com,88.0,88.5,88.5,90.0,87.9,1.0
1157,ACPI_57,SVC,com,100.0,100.0,100.0,100.0,100.0,1.0
1158,ACPI_57,SVC,com,96.0,95.8,95.8,96.4,96.0,1.0
1159,ACPI_57,SVC,com,87.5,87.5,87.5,90.0,87.3,1.0
1160,ACPI_58,SVC,com,76.0,76.9,76.9,83.3,75.0,0.1
1161,ACPI_58,SVC,com,80.0,80.8,80.8,85.3,79.5,0.1
1162,ACPI_58,SVC,com,84.0,83.3,83.3,88.2,83.3,0.1
1163,ACPI_58,SVC,com,84.0,83.7,83.7,85.0,83.8,0.1
1164,ACPI_58,SVC,com,83.3,83.3,83.3,87.5,82.9,0.1
1165,ACPI_58,SVC,com,76.0,76.9,76.9,83.3,75.0,0.2
1166,ACPI_58,SVC,com,84.0,84.6,84.6,87.5,83.8,0.2
1167,ACPI_58,SVC,com,84.0,83.3,83.3,88.2,83.3,0.2
1168,ACPI_58,SVC,com,84.0,83.7,83.7,85.0,83.8,0.2
1169,ACPI_58,SVC,com,83.3,83.3,83.3,87.5,82.9,0.2
1170,ACPI_58,SVC,com,92.0,92.3,92.3,92.9,92.0,0.5
1171,ACPI_58,SVC,com,88.0,88.5,88.5,90.0,87.9,0.5
1172,ACPI_58,SVC,com,92.0,91.7,91.7,93.3,91.9,0.5
1173,ACPI_58,SVC,com,92.0,92.0,92.0,92.0,92.0,0.5
1174,ACPI_58,SVC,com,87.5,87.5,87.5,90.0,87.3,0.5
1175,ACPI_58,SVC,com,92.0,92.3,92.3,92.9,92.0,1.0
1176,ACPI_58,SVC,com,88.0,88.5,88.5,90.0,87.9,1.0
1177,ACPI_58,SVC,com,100.0,100.0,100.0,100.0,100.0,1.0
1178,ACPI_58,SVC,com,92.0,91.7,91.7,93.3,91.9,1.0
1179,ACPI_58,SVC,com,91.7,91.7,91.7,92.9,91.6,1.0
1180,ACPI_59,SVC,com,76.0,76.9,76.9,83.3,75.0,0.1
1181,ACPI_59,SVC,com,80.0,80.8,80.8,85.3,79.5,0.1
1182,ACPI_59,SVC,com,84.0,83.3,83.3,88.2,83.3,0.1
1183,ACPI_59,SVC,com,88.0,87.5,87.5,90.6,87.7,0.1
1184,ACPI_59,SVC,com,83.3,83.3,83.3,87.5,82.9,0.1
1185,ACPI_59,SVC,com,76.0,76.9,76.9,83.3,75.0,0.2
1186,ACPI_59,SVC,com,80.0,80.8,80.8,85.3,79.5,0.2
1187,ACPI_59,SVC,com,84.0,83.3,83.3,88.2,83.3,0.2
1188,ACPI_59,SVC,com,88.0,87.5,87.5,90.6,87.7,0.2
1189,ACPI_59,SVC,com,83.3,83.3,83.3,87.5,82.9,0.2
1190,ACPI_59,SVC,com,92.0,92.3,92.3,92.9,92.0,0.5
1191,ACPI_59,SVC,com,88.0,88.5,88.5,90.0,87.9,0.5
1192,ACPI_59,SVC,com,92.0,91.7,91.7,93.3,91.9,0.5
1193,ACPI_59,SVC,com,96.0,95.8,95.8,96.4,96.0,0.5
1194,ACPI_59,SVC,com,87.5,87.5,87.5,90.0,87.3,0.5
1195,ACPI_59,SVC,com,96.0,96.2,96.2,96.2,96.0,1.0
1196,ACPI_59,SVC,com,88.0,88.5,88.5,90.0,87.9,1.0
1197,ACPI_59,SVC,com,100.0,100.0,100.0,100.0,100.0,1.0
1198,ACPI_59,SVC,com,96.0,95.8,95.8,96.4,96.0,1.0
1199,ACPI_59,SVC,com,83.3,83.3,83.3,87.5,82.9,1.0
1200,ACPI_60,SVC,com,76.0,76.9,76.9,83.3,75.0,0.1
1201,ACPI_60,SVC,com,80.0,80.8,80.8,85.3,79.5,0.1
1202,ACPI_60,SVC,com,84.0,83.3,83.3,88.2,83.3,0.1
1203,ACPI_60,SVC,com,88.0,87.5,87.5,90.6,87.7,0.1
1204,ACPI_60,SVC,com,83.3,83.3,83.3,87.5,82.9,0.1
1205,ACPI_60,SVC,com,76.0,76.9,76.9,83.3,75.0,0.2
1206,ACPI_60,SVC,com,80.0,80.8,80.8,85.3,79.5,0.2
1207,ACPI_60,SVC,com,84.0,83.3,83.3,88.2,83.3,0.2
1208,ACPI_60,SVC,com,88.0,87.5,87.5,90.6,87.7,0.2
1209,ACPI_60,SVC,com,83.3,83.3,83.3,87.5,82.9,0.2
1210,ACPI_60,SVC,com,88.0,88.5,88.5,90.0,87.9,0.5
1211,ACPI_60,SVC,com,84.0,84.6,84.6,87.5,83.8,0.5
1212,ACPI_60,SVC,com,92.0,91.7,91.7,93.3,91.9,0.5
1213,ACPI_60,SVC,com,96.0,95.8,95.8,96.4,96.0,0.5
1214,ACPI_60,SVC,com,87.5,87.5,87.5,90.0,87.3,0.5
1215,ACPI_60,SVC,com,96.0,96.2,96.2,96.2,96.0,1.0
1216,ACPI_60,SVC,com,88.0,88.5,88.5,90.0,87.9,1.0
1217,ACPI_60,SVC,com,100.0,100.0,100.0,100.0,100.0,1.0
1218,ACPI_60,SVC,com,92.0,91.7,91.7,93.3,91.9,1.0
1219,ACPI_60,SVC,com,87.5,87.5,87.5,90.0,87.3,1.0
1220,ACPI_61,SVC,com,76.0,76.9,76.9,83.3,75.0,0.1
1221,ACPI_61,SVC,com,72.0,72.4,72.4,73.3,71.8,0.1
1222,ACPI_61,SVC,com,80.0,79.5,79.5,81.9,79.5,0.1
1223,ACPI_61,SVC,com,88.0,87.5,87.5,90.6,87.7,0.1
1224,ACPI_61,SVC,com,83.3,83.3,83.3,87.5,82.9,0.1
1225,ACPI_61,SVC,com,76.0,76.9,76.9,83.3,75.0,0.2
1226,ACPI_61,SVC,com,72.0,72.4,72.4,73.3,71.8,0.2
1227,ACPI_61,SVC,com,80.0,79.5,79.5,81.9,79.5,0.2
1228,ACPI_61,SVC,com,88.0,87.5,87.5,90.6,87.7,0.2
1229,ACPI_61,SVC,com,83.3,83.3,83.3,87.5,82.9,0.2
1230,ACPI_61,SVC,com,88.0,88.5,88.5,90.0,87.9,0.5
1231,ACPI_61,SVC,com,88.0,88.5,88.5,90.0,87.9,0.5
1232,ACPI_61,SVC,com,92.0,91.7,91.7,93.3,91.9,0.5
1233,ACPI_61,SVC,com,96.0,95.8,95.8,96.4,96.0,0.5
1234,ACPI_61,SVC,com,83.3,83.3,83.3,87.5,82.9,0.5
1235,ACPI_61,SVC,com,96.0,96.2,96.2,96.2,96.0,1.0
1236,ACPI_61,SVC,com,88.0,88.5,88.5,90.0,87.9,1.0
1237,ACPI_61,SVC,com,100.0,100.0,100.0,100.0,100.0,1.0
1238,ACPI_61,SVC,com,92.0,91.7,91.7,93.3,91.9,1.0
1239,ACPI_61,SVC,com,83.3,83.3,83.3,87.5,82.9,1.0
1240,ACPI_62,SVC,com,88.0,88.5,88.5,90.0,87.9,0.1
1241,ACPI_62,SVC,com,80.0,80.8,80.8,85.3,79.5,0.1
1242,ACPI_62,SVC,com,84.0,83.3,83.3,88.2,83.3,0.1
1243,ACPI_62,SVC,com,84.0,83.7,83.7,85.0,83.8,0.1
1244,ACPI_62,SVC,com,83.3,83.3,83.3,87.5,82.9,0.1
1245,ACPI_62,SVC,com,88.0,88.5,88.5,90.0,87.9,0.2
1246,ACPI_62,SVC,com,80.0,80.8,80.8,85.3,79.5,0.2
1247,ACPI_62,SVC,com,84.0,83.3,83.3,88.2,83.3,0.2
1248,ACPI_62,SVC,com,84.0,83.7,83.7,85.0,83.8,0.2
1249,ACPI_62,SVC,com,83.3,83.3,83.3,87.5,82.9,0.2
1250,ACPI_62,SVC,com,92.0,92.3,92.3,92.9,92.0,0.5
1251,ACPI_62,SVC,com,88.0,88.5,88.5,90.0,87.9,0.5
1252,ACPI_62,SVC,com,92.0,91.7,91.7,93.3,91.9,0.5
1253,ACPI_62,SVC,com,96.0,95.8,95.8,96.4,96.0,0.5
1254,ACPI_62,SVC,com,87.5,87.5,87.5,90.0,87.3,0.5
1255,ACPI_62,SVC,com,96.0,96.2,96.2,96.2,96.0,1.0
1256,ACPI_62,SVC,com,88.0,88.5,88.5,90.0,87.9,1.0
1257,ACPI_62,SVC,com,100.0,100.0,100.0,100.0,100.0,1.0
1258,ACPI_62,SVC,com,96.0,95.8,95.8,96.4,96.0,1.0
1259,ACPI_62,SVC,com,87.5,87.5,87.5,90.0,87.3,1.0
1260,ACPI_63,SVC,com,76.0,76.9,76.9,83.3,75.0,0.1
1261,ACPI_63,SVC,com,76.0,76.6,76.6,78.8,75.6,0.1
1262,ACPI_63,SVC,com,80.0,79.5,79.5,81.9,79.5,0.1
1263,ACPI_63,SVC,com,88.0,87.5,87.5,90.6,87.7,0.1
1264,ACPI_63,SVC,com,83.3,83.3,83.3,87.5,82.9,0.1
1265,ACPI_63,SVC,com,84.0,84.6,84.6,87.5,83.8,0.2
1266,ACPI_63,SVC,com,76.0,76.6,76.6,78.8,75.6,0.2
1267,ACPI_63,SVC,com,80.0,79.5,79.5,81.9,79.5,0.2
1268,ACPI_63,SVC,com,88.0,87.5,87.5,90.6,87.7,0.2
1269,ACPI_63,SVC,com,83.3,83.3,83.3,87.5,82.9,0.2
1270,ACPI_63,SVC,com,92.0,92.3,92.3,92.9,92.0,0.5
1271,ACPI_63,SVC,com,88.0,88.5,88.5,90.0,87.9,0.5
1272,ACPI_63,SVC,com,92.0,91.7,91.7,93.3,91.9,0.5
1273,ACPI_63,SVC,com,96.0,95.8,95.8,96.4,96.0,0.5
1274,ACPI_63,SVC,com,87.5,87.5,87.5,90.0,87.3,0.5
1275,ACPI_63,SVC,com,92.0,92.3,92.3,92.9,92.0,1.0
1276,ACPI_63,SVC,com,88.0,88.5,88.5,90.0,87.9,1.0
1277,ACPI_63,SVC,com,100.0,100.0,100.0,100.0,100.0,1.0
1278,ACPI_63,SVC,com,92.0,91.7,91.7,93.3,91.9,1.0
1279,ACPI_63,SVC,com,83.3,83.3,83.3,87.5,82.9,1.0
1280,ACPI_64,SVC,com,76.0,76.9,76.9,83.3,75.0,0.1
1281,ACPI_64,SVC,com,80.0,80.8,80.8,85.3,79.5,0.1
1282,ACPI_64,SVC,com,84.0,83.3,83.3,88.2,83.3,0.1
1283,ACPI_64,SVC,com,88.0,87.5,87.5,90.6,87.7,0.1
1284,ACPI_64,SVC,com,79.2,79.2,79.2,81.1,78.8,0.1
1285,ACPI_64,SVC,com,76.0,76.9,76.9,83.3,75.0,0.2
1286,ACPI_64,SVC,com,80.0,80.8,80.8,85.3,79.5,0.2
1287,ACPI_64,SVC,com,84.0,83.3,83.3,88.2,83.3,0.2
1288,ACPI_64,SVC,com,88.0,87.5,87.5,90.6,87.7,0.2
1289,ACPI_64,SVC,com,79.2,79.2,79.2,81.1,78.8,0.2
1290,ACPI_64,SVC,com,92.0,92.3,92.3,92.9,92.0,0.5
1291,ACPI_64,SVC,com,88.0,88.5,88.5,90.0,87.9,0.5
1292,ACPI_64,SVC,com,92.0,91.7,91.7,93.3,91.9,0.5
1293,ACPI_64,SVC,com,96.0,95.8,95.8,96.4,96.0,0.5
1294,ACPI_64,SVC,com,87.5,87.5,87.5,90.0,87.3,0.5
1295,ACPI_64,SVC,com,96.0,96.2,96.2,96.2,96.0,1.0
1296,ACPI_64,SVC,com,88.0,88.5,88.5,90.0,87.9,1.0
1297,ACPI_64,SVC,com,100.0,100.0,100.0,100.0,100.0,1.0
1298,ACPI_64,SVC,com,92.0,91.7,91.7,93.3,91.9,1.0
1299,ACPI_64,SVC,com,95.8,95.8,95.8,96.2,95.8,1.0
1300,ACPI_65,SVC,com,76.0,76.9,76.9,83.3,75.0,0.1
1301,ACPI_65,SVC,com,80.0,80.8,80.8,85.3,79.5,0.1
1302,ACPI_65,SVC,com,84.0,83.3,83.3,88.2,83.3,0.1
1303,ACPI_65,SVC,com,84.0,83.7,83.7,85.0,83.8,0.1
1304,ACPI_65,SVC,com,83.3,83.3,83.3,87.5,82.9,0.1
1305,ACPI_65,SVC,com,76.0,76.9,76.9,83.3,75.0,0.2
1306,ACPI_65,SVC,com,80.0,80.8,80.8,85.3,79.5,0.2
1307,ACPI_65,SVC,com,84.0,83.3,83.3,88.2,83.3,0.2
1308,ACPI_65,SVC,com,84.0,83.7,83.7,85.0,83.8,0.2
1309,ACPI_65,SVC,com,83.3,83.3,83.3,87.5,82.9,0.2
1310,ACPI_65,SVC,com,92.0,92.3,92.3,92.9,92.0,0.5
1311,ACPI_65,SVC,com,88.0,88.5,88.5,90.0,87.9,0.5
1312,ACPI_65,SVC,com,92.0,91.7,91.7,93.3,91.9,0.5
1313,ACPI_65,SVC,com,96.0,95.8,95.8,96.4,96.0,0.5
1314,ACPI_65,SVC,com,87.5,87.5,87.5,90.0,87.3,0.5
1315,ACPI_65,SVC,com,92.0,92.3,92.3,92.9,92.0,1.0
1316,ACPI_65,SVC,com,88.0,88.5,88.5,90.0,87.9,1.0
1317,ACPI_65,SVC,com,96.0,95.8,95.8,96.4,96.0,1.0
1318,ACPI_65,SVC,com,92.0,91.7,91.7,93.3,91.9,1.0
1319,ACPI_65,SVC,com,91.7,91.7,91.7,92.9,91.6,1.0
1320,ACPI_66,SVC,com,76.0,76.9,76.9,83.3,75.0,0.1
1321,ACPI_66,SVC,com,80.0,80.8,80.8,85.3,79.5,0.1
1322,ACPI_66,SVC,com,84.0,83.3,83.3,88.2,83.3,0.1
1323,ACPI_66,SVC,com,88.0,87.5,87.5,90.6,87.7,0.1
1324,ACPI_66,SVC,com,83.3,83.3,83.3,87.5,82.9,0.1
1325,ACPI_66,SVC,com,76.0,76.9,76.9,83.3,75.0,0.2
1326,ACPI_66,SVC,com,80.0,80.8,80.8,85.3,79.5,0.2
1327,ACPI_66,SVC,com,84.0,83.3,83.3,88.2,83.3,0.2
1328,ACPI_66,SVC,com,88.0,87.5,87.5,90.6,87.7,0.2
1329,ACPI_66,SVC,com,83.3,83.3,83.3,87.5,82.9,0.2
1330,ACPI_66,SVC,com,88.0,88.5,88.5,90.0,87.9,0.5
1331,ACPI_66,SVC,com,88.0,88.5,88.5,90.0,87.9,0.5
1332,ACPI_66,SVC,com,92.0,91.7,91.7,93.3,91.9,0.5
1333,ACPI_66,SVC,com,96.0,95.8,95.8,96.4,96.0,0.5
1334,ACPI_66,SVC,com,87.5,87.5,87.5,90.0,87.3,0.5
1335,ACPI_66,SVC,com,92.0,92.3,92.3,92.9,92.0,1.0
1336,ACPI_66,SVC,com,88.0,88.5,88.5,90.0,87.9,1.0
1337,ACPI_66,SVC,com,96.0,95.8,95.8,96.4,96.0,1.0
1338,ACPI_66,SVC,com,92.0,91.7,91.7,93.3,91.9,1.0
1339,ACPI_66,SVC,com,87.5,87.5,87.5,90.0,87.3,1.0
1340,ACPI_67,SVC,com,84.0,84.6,84.6,87.5,83.8,0.1
1341,ACPI_67,SVC,com,76.0,76.6,76.6,78.8,75.6,0.1
1342,ACPI_67,SVC,com,84.0,83.3,83.3,88.2,83.3,0.1
1343,ACPI_67,SVC,com,92.0,91.7,91.7,93.3,91.9,0.1
1344,ACPI_67,SVC,com,79.2,79.2,79.2,85.3,78.2,0.1
1345,ACPI_67,SVC,com,84.0,84.6,84.6,87.5,83.8,0.2
1346,ACPI_67,SVC,com,76.0,76.6,76.6,78.8,75.6,0.2
1347,ACPI_67,SVC,com,84.0,83.3,83.3,88.2,83.3,0.2
1348,ACPI_67,SVC,com,92.0,91.7,91.7,93.3,91.9,0.2
1349,ACPI_67,SVC,com,79.2,79.2,79.2,85.3,78.2,0.2
1350,ACPI_67,SVC,com,88.0,88.5,88.5,90.0,87.9,0.5
1351,ACPI_67,SVC,com,84.0,84.6,84.6,87.5,83.8,0.5
1352,ACPI_67,SVC,com,96.0,95.8,95.8,96.4,96.0,0.5
1353,ACPI_67,SVC,com,96.0,95.8,95.8,96.4,96.0,0.5
1354,ACPI_67,SVC,com,79.2,79.2,79.2,85.3,78.2,0.5
1355,ACPI_67,SVC,com,96.0,96.2,96.2,96.2,96.0,1.0
1356,ACPI_67,SVC,com,88.0,88.5,88.5,90.0,87.9,1.0
1357,ACPI_67,SVC,com,100.0,100.0,100.0,100.0,100.0,1.0
1358,ACPI_67,SVC,com,92.0,91.7,91.7,93.3,91.9,1.0
1359,ACPI_67,SVC,com,87.5,87.5,87.5,90.0,87.3,1.0
1360,ACPI_68,SVC,com,76.0,76.9,76.9,83.3,75.0,0.1
1361,ACPI_68,SVC,com,84.0,84.6,84.6,87.5,83.8,0.1
1362,ACPI_68,SVC,com,84.0,83.3,83.3,88.2,83.3,0.1
1363,ACPI_68,SVC,com,88.0,87.5,87.5,90.6,87.7,0.1
1364,ACPI_68,SVC,com,83.3,83.3,83.3,87.5,82.9,0.1
1365,ACPI_68,SVC,com,84.0,84.6,84.6,87.5,83.8,0.2
1366,ACPI_68,SVC,com,84.0,84.6,84.6,87.5,83.8,0.2
1367,ACPI_68,SVC,com,84.0,83.3,83.3,88.2,83.3,0.2
1368,ACPI_68,SVC,com,88.0,87.5,87.5,90.6,87.7,0.2
1369,ACPI_68,SVC,com,83.3,83.3,83.3,87.5,82.9,0.2
1370,ACPI_68,SVC,com,88.0,88.5,88.5,90.0,87.9,0.5
1371,ACPI_68,SVC,com,88.0,88.5,88.5,90.0,87.9,0.5
1372,ACPI_68,SVC,com,92.0,91.7,91.7,93.3,91.9,0.5
1373,ACPI_68,SVC,com,96.0,95.8,95.8,96.4,96.0,0.5
1374,ACPI_68,SVC,com,87.5,87.5,87.5,90.0,87.3,0.5
1375,ACPI_68,SVC,com,96.0,96.2,96.2,96.2,96.0,1.0
1376,ACPI_68,SVC,com,88.0,88.5,88.5,90.0,87.9,1.0
1377,ACPI_68,SVC,com,100.0,100.0,100.0,100.0,100.0,1.0
1378,ACPI_68,SVC,com,92.0,91.7,91.7,93.3,91.9,1.0
1379,ACPI_68,SVC,com,91.7,91.7,91.7,92.9,91.6,1.0
1380,ACPI_69,SVC,com,84.0,84.6,84.6,87.5,83.8,0.1
1381,ACPI_69,SVC,com,80.0,80.8,80.8,85.3,79.5,0.1
1382,ACPI_69,SVC,com,76.0,75.6,75.6,76.7,75.6,0.1
1383,ACPI_69,SVC,com,92.0,91.7,91.7,93.3,91.9,0.1
1384,ACPI_69,SVC,com,83.3,83.3,83.3,87.5,82.9,0.1
1385,ACPI_69,SVC,com,84.0,84.6,84.6,87.5,83.8,0.2
1386,ACPI_69,SVC,com,80.0,80.8,80.8,85.3,79.5,0.2
1387,ACPI_69,SVC,com,76.0,75.6,75.6,76.7,75.6,0.2
1388,ACPI_69,SVC,com,92.0,91.7,91.7,93.3,91.9,0.2
1389,ACPI_69,SVC,com,83.3,83.3,83.3,87.5,82.9,0.2
1390,ACPI_69,SVC,com,88.0,88.5,88.5,90.0,87.9,0.5
1391,ACPI_69,SVC,com,84.0,84.6,84.6,87.5,83.8,0.5
1392,ACPI_69,SVC,com,84.0,84.0,84.0,84.0,84.0,0.5
1393,ACPI_69,SVC,com,96.0,95.8,95.8,96.4,96.0,0.5
1394,ACPI_69,SVC,com,83.3,83.3,83.3,87.5,82.9,0.5
1395,ACPI_69,SVC,com,96.0,96.2,96.2,96.2,96.0,1.0
1396,ACPI_69,SVC,com,88.0,88.5,88.5,90.0,87.9,1.0
1397,ACPI_69,SVC,com,100.0,100.0,100.0,100.0,100.0,1.0
1398,ACPI_69,SVC,com,92.0,91.7,91.7,93.3,91.9,1.0
1399,ACPI_69,SVC,com,87.5,87.5,87.5,90.0,87.3,1.0
1400,ACPI_70,SVC,com,76.0,76.9,76.9,83.3,75.0,0.1
1401,ACPI_70,SVC,com,80.0,80.8,80.8,85.3,79.5,0.1
1402,ACPI_70,SVC,com,84.0,83.3,83.3,88.2,83.3,0.1
1403,ACPI_70,SVC,com,92.0,91.7,91.7,93.3,91.9,0.1
1404,ACPI_70,SVC,com,83.3,83.3,83.3,87.5,82.9,0.1
1405,ACPI_70,SVC,com,84.0,84.6,84.6,87.5,83.8,0.2
1406,ACPI_70,SVC,com,80.0,80.8,80.8,85.3,79.5,0.2
1407,ACPI_70,SVC,com,84.0,83.3,83.3,88.2,83.3,0.2
1408,ACPI_70,SVC,com,92.0,91.7,91.7,93.3,91.9,0.2
1409,ACPI_70,SVC,com,83.3,83.3,83.3,87.5,82.9,0.2
1410,ACPI_70,SVC,com,92.0,92.3,92.3,92.9,92.0,0.5
1411,ACPI_70,SVC,com,88.0,88.5,88.5,90.0,87.9,0.5
1412,ACPI_70,SVC,com,92.0,91.7,91.7,93.3,91.9,0.5
1413,ACPI_70,SVC,com,96.0,95.8,95.8,96.4,96.0,0.5
1414,ACPI_70,SVC,com,87.5,87.5,87.5,90.0,87.3,0.5
1415,ACPI_70,SVC,com,96.0,96.2,96.2,96.2,96.0,1.0
1416,ACPI_70,SVC,com,88.0,88.5,88.5,90.0,87.9,1.0
1417,ACPI_70,SVC,com,96.0,95.8,95.8,96.4,96.0,1.0
1418,ACPI_70,SVC,com,92.0,91.7,91.7,93.3,91.9,1.0
1419,ACPI_70,SVC,com,87.5,87.5,87.5,90.0,87.3,1.0
1420,ACPI_71,SVC,com,80.0,80.4,80.4,81.7,79.9,0.1
1421,ACPI_71,SVC,com,80.0,80.4,80.4,81.7,79.9,0.1
1422,ACPI_71,SVC,com,84.0,83.3,83.3,88.2,83.3,0.1
1423,ACPI_71,SVC,com,92.0,91.7,91.7,93.3,91.9,0.1
1424,ACPI_71,SVC,com,79.2,79.2,79.2,85.3,78.2,0.1
1425,ACPI_71,SVC,com,80.0,80.4,80.4,81.7,79.9,0.2
1426,ACPI_71,SVC,com,80.0,80.4,80.4,81.7,79.9,0.2
1427,ACPI_71,SVC,com,84.0,83.3,83.3,88.2,83.3,0.2
1428,ACPI_71,SVC,com,92.0,91.7,91.7,93.3,91.9,0.2
1429,ACPI_71,SVC,com,79.2,79.2,79.2,85.3,78.2,0.2
1430,ACPI_71,SVC,com,88.0,88.5,88.5,90.0,87.9,0.5
1431,ACPI_71,SVC,com,84.0,84.6,84.6,87.5,83.8,0.5
1432,ACPI_71,SVC,com,96.0,95.8,95.8,96.4,96.0,0.5
1433,ACPI_71,SVC,com,96.0,95.8,95.8,96.4,96.0,0.5
1434,ACPI_71,SVC,com,79.2,79.2,79.2,85.3,78.2,0.5
1435,ACPI_71,SVC,com,96.0,96.2,96.2,96.2,96.0,1.0
1436,ACPI_71,SVC,com,88.0,88.5,88.5,90.0,87.9,1.0
1437,ACPI_71,SVC,com,100.0,100.0,100.0,100.0,100.0,1.0
1438,ACPI_71,SVC,com,92.0,91.7,91.7,93.3,91.9,1.0
1439,ACPI_71,SVC,com,83.3,83.3,83.3,87.5,82.9,1.0
1440,ACPI_72,SVC,com,76.0,76.9,76.9,83.3,75.0,0.1
1441,ACPI_72,SVC,com,80.0,80.8,80.8,85.3,79.5,0.1
1442,ACPI_72,SVC,com,84.0,83.3,83.3,88.2,83.3,0.1
1443,ACPI_72,SVC,com,88.0,87.5,87.5,90.6,87.7,0.1
1444,ACPI_72,SVC,com,83.3,83.3,83.3,87.5,82.9,0.1
1445,ACPI_72,SVC,com,84.0,84.6,84.6,87.5,83.8,0.2
1446,ACPI_72,SVC,com,80.0,80.8,80.8,85.3,79.5,0.2
1447,ACPI_72,SVC,com,84.0,83.3,83.3,88.2,83.3,0.2
1448,ACPI_72,SVC,com,92.0,91.7,91.7,93.3,91.9,0.2
1449,ACPI_72,SVC,com,83.3,83.3,83.3,87.5,82.9,0.2
1450,ACPI_72,SVC,com,88.0,88.5,88.5,90.0,87.9,0.5
1451,ACPI_72,SVC,com,88.0,88.5,88.5,90.0,87.9,0.5
1452,ACPI_72,SVC,com,92.0,91.7,91.7,93.3,91.9,0.5
1453,ACPI_72,SVC,com,96.0,95.8,95.8,96.4,96.0,0.5
1454,ACPI_72,SVC,com,87.5,87.5,87.5,90.0,87.3,0.5
1455,ACPI_72,SVC,com,92.0,92.3,92.3,92.9,92.0,1.0
1456,ACPI_72,SVC,com,88.0,88.5,88.5,90.0,87.9,1.0
1457,ACPI_72,SVC,com,100.0,100.0,100.0,100.0,100.0,1.0
1458,ACPI_72,SVC,com,92.0,91.7,91.7,93.3,91.9,1.0
1459,ACPI_72,SVC,com,87.5,87.5,87.5,90.0,87.3,1.0
1460,ACPI_73,SVC,com,76.0,76.9,76.9,83.3,75.0,0.1
1461,ACPI_73,SVC,com,80.0,80.8,80.8,85.3,79.5,0.1
1462,ACPI_73,SVC,com,84.0,83.3,83.3,88.2,83.3,0.1
1463,ACPI_73,SVC,com,92.0,91.7,91.7,93.3,91.9,0.1
1464,ACPI_73,SVC,com,83.3,83.3,83.3,87.5,82.9,0.1
1465,ACPI_73,SVC,com,76.0,76.9,76.9,83.3,75.0,0.2
1466,ACPI_73,SVC,com,80.0,80.8,80.8,85.3,79.5,0.2
1467,ACPI_73,SVC,com,84.0,83.3,83.3,88.2,83.3,0.2
1468,ACPI_73,SVC,com,92.0,91.7,91.7,93.3,91.9,0.2
1469,ACPI_73,SVC,com,83.3,83.3,83.3,87.5,82.9,0.2
1470,ACPI_73,SVC,com,92.0,92.3,92.3,92.9,92.0,0.5
1471,ACPI_73,SVC,com,80.0,80.8,80.8,85.3,79.5,0.5
1472,ACPI_73,SVC,com,92.0,91.7,91.7,93.3,91.9,0.5
1473,ACPI_73,SVC,com,96.0,95.8,95.8,96.4,96.0,0.5
1474,ACPI_73,SVC,com,87.5,87.5,87.5,90.0,87.3,0.5
1475,ACPI_73,SVC,com,96.0,96.2,96.2,96.2,96.0,1.0
1476,ACPI_73,SVC,com,88.0,88.5,88.5,90.0,87.9,1.0
1477,ACPI_73,SVC,com,100.0,100.0,100.0,100.0,100.0,1.0
1478,ACPI_73,SVC,com,92.0,91.7,91.7,93.3,91.9,1.0
1479,ACPI_73,SVC,com,83.3,83.3,83.3,87.5,82.9,1.0
1480,ACPI_74,SVC,com,84.0,84.6,84.6,87.5,83.8,0.1
1481,ACPI_74,SVC,com,80.0,80.8,80.8,85.3,79.5,0.1
1482,ACPI_74,SVC,com,84.0,83.3,83.3,88.2,83.3,0.1
1483,ACPI_74,SVC,com,92.0,91.7,91.7,93.3,91.9,0.1
1484,ACPI_74,SVC,com,83.3,83.3,83.3,87.5,82.9,0.1
1485,ACPI_74,SVC,com,84.0,84.6,84.6,87.5,83.8,0.2
1486,ACPI_74,SVC,com,80.0,80.8,80.8,85.3,79.5,0.2
1487,ACPI_74,SVC,com,84.0,83.3,83.3,88.2,83.3,0.2
1488,ACPI_74,SVC,com,92.0,91.7,91.7,93.3,91.9,0.2
1489,ACPI_74,SVC,com,83.3,83.3,83.3,87.5,82.9,0.2
1490,ACPI_74,SVC,com,88.0,88.5,88.5,90.0,87.9,0.5
1491,ACPI_74,SVC,com,88.0,88.5,88.5,90.0,87.9,0.5
1492,ACPI_74,SVC,com,92.0,91.7,91.7,93.3,91.9,0.5
1493,ACPI_74,SVC,com,96.0,95.8,95.8,96.4,96.0,0.5
1494,ACPI_74,SVC,com,87.5,87.5,87.5,90.0,87.3,0.5
1495,ACPI_74,SVC,com,92.0,92.3,92.3,92.9,92.0,1.0
1496,ACPI_74,SVC,com,88.0,88.5,88.5,90.0,87.9,1.0
1497,ACPI_74,SVC,com,96.0,95.8,95.8,96.4,96.0,1.0
1498,ACPI_74,SVC,com,92.0,91.7,91.7,93.3,91.9,1.0
1499,ACPI_74,SVC,com,83.3,83.3,83.3,87.5,82.9,1.0
1500,ACPI_75,SVC,com,84.0,84.6,84.6,87.5,83.8,0.1
1501,ACPI_75,SVC,com,80.0,80.8,80.8,85.3,79.5,0.1
1502,ACPI_75,SVC,com,84.0,83.3,83.3,88.2,83.3,0.1
1503,ACPI_75,SVC,com,88.0,87.5,87.5,90.6,87.7,0.1
1504,ACPI_75,SVC,com,79.2,79.2,79.2,85.3,78.2,0.1
1505,ACPI_75,SVC,com,84.0,84.6,84.6,87.5,83.8,0.2
1506,ACPI_75,SVC,com,80.0,80.8,80.8,85.3,79.5,0.2
1507,ACPI_75,SVC,com,84.0,83.3,83.3,88.2,83.3,0.2
1508,ACPI_75,SVC,com,88.0,87.5,87.5,90.6,87.7,0.2
1509,ACPI_75,SVC,com,79.2,79.2,79.2,85.3,78.2,0.2
1510,ACPI_75,SVC,com,88.0,88.5,88.5,90.0,87.9,0.5
1511,ACPI_75,SVC,com,88.0,88.5,88.5,90.0,87.9,0.5
1512,ACPI_75,SVC,com,92.0,91.7,91.7,93.3,91.9,0.5
1513,ACPI_75,SVC,com,96.0,95.8,95.8,96.4,96.0,0.5
1514,ACPI_75,SVC,com,83.3,83.3,83.3,87.5,82.9,0.5
1515,ACPI_75,SVC,com,96.0,96.2,96.2,96.2,96.0,1.0
1516,ACPI_75,SVC,com,88.0,88.5,88.5,90.0,87.9,1.0
1517,ACPI_75,SVC,com,96.0,95.8,95.8,96.4,96.0,1.0
1518,ACPI_75,SVC,com,92.0,91.7,91.7,93.3,91.9,1.0
1519,ACPI_75,SVC,com,87.5,87.5,87.5,90.0,87.3,1.0
1520,ACPI_76,SVC,com,84.0,84.6,84.6,87.5,83.8,0.1
1521,ACPI_76,SVC,com,80.0,80.4,80.4,81.7,79.9,0.1
1522,ACPI_76,SVC,com,84.0,83.3,83.3,88.2,83.3,0.1
1523,ACPI_76,SVC,com,92.0,91.7,91.7,93.3,91.9,0.1
1524,ACPI_76,SVC,com,83.3,83.3,83.3,87.5,82.9,0.1
1525,ACPI_76,SVC,com,76.0,76.9,76.9,83.3,75.0,0.2
1526,ACPI_76,SVC,com,84.0,84.6,84.6,87.5,83.8,0.2
1527,ACPI_76,SVC,com,84.0,83.3,83.3,88.2,83.3,0.2
1528,ACPI_76,SVC,com,92.0,91.7,91.7,93.3,91.9,0.2
1529,ACPI_76,SVC,com,83.3,83.3,83.3,87.5,82.9,0.2
1530,ACPI_76,SVC,com,88.0,88.5,88.5,90.0,87.9,0.5
1531,ACPI_76,SVC,com,84.0,84.6,84.6,87.5,83.8,0.5
1532,ACPI_76,SVC,com,92.0,91.7,91.7,93.3,91.9,0.5
1533,ACPI_76,SVC,com,96.0,95.8,95.8,96.4,96.0,0.5
1534,ACPI_76,SVC,com,87.5,87.5,87.5,90.0,87.3,0.5
1535,ACPI_76,SVC,com,96.0,96.2,96.2,96.2,96.0,1.0
1536,ACPI_76,SVC,com,88.0,88.5,88.5,90.0,87.9,1.0
1537,ACPI_76,SVC,com,100.0,100.0,100.0,100.0,100.0,1.0
1538,ACPI_76,SVC,com,92.0,91.7,91.7,93.3,91.9,1.0
1539,ACPI_76,SVC,com,83.3,83.3,83.3,87.5,82.9,1.0
1540,ACPI_77,SVC,com,84.0,84.6,84.6,87.5,83.8,0.1
1541,ACPI_77,SVC,com,80.0,80.8,80.8,85.3,79.5,0.1
1542,ACPI_77,SVC,com,84.0,83.3,83.3,88.2,83.3,0.1
1543,ACPI_77,SVC,com,88.0,87.5,87.5,90.6,87.7,0.1
1544,ACPI_77,SVC,com,83.3,83.3,83.3,87.5,82.9,0.1
1545,ACPI_77,SVC,com,84.0,84.6,84.6,87.5,83.8,0.2
1546,ACPI_77,SVC,com,80.0,80.8,80.8,85.3,79.5,0.2
1547,ACPI_77,SVC,com,84.0,83.3,83.3,88.2,83.3,0.2
1548,ACPI_77,SVC,com,92.0,91.7,91.7,93.3,91.9,0.2
1549,ACPI_77,SVC,com,83.3,83.3,83.3,87.5,82.9,0.2
1550,ACPI_77,SVC,com,88.0,88.5,88.5,90.0,87.9,0.5
1551,ACPI_77,SVC,com,88.0,88.5,88.5,90.0,87.9,0.5
1552,ACPI_77,SVC,com,92.0,91.7,91.7,93.3,91.9,0.5
1553,ACPI_77,SVC,com,96.0,95.8,95.8,96.4,96.0,0.5
1554,ACPI_77,SVC,com,87.5,87.5,87.5,90.0,87.3,0.5
1555,ACPI_77,SVC,com,96.0,96.2,96.2,96.2,96.0,1.0
1556,ACPI_77,SVC,com,88.0,88.5,88.5,90.0,87.9,1.0
1557,ACPI_77,SVC,com,100.0,100.0,100.0,100.0,100.0,1.0
1558,ACPI_77,SVC,com,92.0,91.7,91.7,93.3,91.9,1.0
1559,ACPI_77,SVC,com,91.7,91.7,91.7,92.9,91.6,1.0
1560,ACPI_78,SVC,com,76.0,76.9,76.9,83.3,75.0,0.1
1561,ACPI_78,SVC,com,80.0,80.8,80.8,85.3,79.5,0.1
1562,ACPI_78,SVC,com,84.0,83.3,83.3,88.2,83.3,0.1
1563,ACPI_78,SVC,com,88.0,87.5,87.5,90.6,87.7,0.1
1564,ACPI_78,SVC,com,83.3,83.3,83.3,87.5,82.9,0.1
1565,ACPI_78,SVC,com,76.0,76.9,76.9,83.3,75.0,0.2
1566,ACPI_78,SVC,com,80.0,80.8,80.8,85.3,79.5,0.2
1567,ACPI_78,SVC,com,84.0,83.3,83.3,88.2,83.3,0.2
1568,ACPI_78,SVC,com,92.0,91.7,91.7,93.3,91.9,0.2
1569,ACPI_78,SVC,com,83.3,83.3,83.3,87.5,82.9,0.2
1570,ACPI_78,SVC,com,92.0,92.3,92.3,92.9,92.0,0.5
1571,ACPI_78,SVC,com,88.0,88.5,88.5,90.0,87.9,0.5
1572,ACPI_78,SVC,com,92.0,91.7,91.7,93.3,91.9,0.5
1573,ACPI_78,SVC,com,96.0,95.8,95.8,96.4,96.0,0.5
1574,ACPI_78,SVC,com,87.5,87.5,87.5,90.0,87.3,0.5
1575,ACPI_78,SVC,com,96.0,96.2,96.2,96.2,96.0,1.0
1576,ACPI_78,SVC,com,88.0,88.5,88.5,90.0,87.9,1.0
1577,ACPI_78,SVC,com,100.0,100.0,100.0,100.0,100.0,1.0
1578,ACPI_78,SVC,com,92.0,91.7,91.7,93.3,91.9,1.0
1579,ACPI_78,SVC,com,83.3,83.3,83.3,87.5,82.9,1.0
1580,ACPI_79,SVC,com,76.0,76.9,76.9,83.3,75.0,0.1
1581,ACPI_79,SVC,com,80.0,80.8,80.8,85.3,79.5,0.1
1582,ACPI_79,SVC,com,84.0,83.3,83.3,88.2,83.3,0.1
1583,ACPI_79,SVC,com,88.0,87.5,87.5,90.6,87.7,0.1
1584,ACPI_79,SVC,com,83.3,83.3,83.3,87.5,82.9,0.1
1585,ACPI_79,SVC,com,76.0,76.9,76.9,83.3,75.0,0.2
1586,ACPI_79,SVC,com,80.0,80.8,80.8,85.3,79.5,0.2
1587,ACPI_79,SVC,com,84.0,83.3,83.3,88.2,83.3,0.2
1588,ACPI_79,SVC,com,88.0,87.5,87.5,90.6,87.7,0.2
1589,ACPI_79,SVC,com,83.3,83.3,83.3,87.5,82.9,0.2
1590,ACPI_79,SVC,com,88.0,88.5,88.5,90.0,87.9,0.5
1591,ACPI_79,SVC,com,84.0,84.6,84.6,87.5,83.8,0.5
1592,ACPI_79,SVC,com,92.0,91.7,91.7,93.3,91.9,0.5
1593,ACPI_79,SVC,com,96.0,95.8,95.8,96.4,96.0,0.5
1594,ACPI_79,SVC,com,83.3,83.3,83.3,87.5,82.9,0.5
1595,ACPI_79,SVC,com,96.0,96.2,96.2,96.2,96.0,1.0
1596,ACPI_79,SVC,com,88.0,88.5,88.5,90.0,87.9,1.0
1597,ACPI_79,SVC,com,100.0,100.0,100.0,100.0,100.0,1.0
1598,ACPI_79,SVC,com,92.0,91.7,91.7,93.3,91.9,1.0
1599,ACPI_79,SVC,com,83.3,83.3,83.3,87.5,82.9,1.0
1600,ACPI_80,SVC,com,84.0,84.6,84.6,87.5,83.8,0.1
1601,ACPI_80,SVC,com,80.0,80.8,80.8,85.3,79.5,0.1
1602,ACPI_80,SVC,com,84.0,83.3,83.3,88.2,83.3,0.1
1603,ACPI_80,SVC,com,88.0,87.5,87.5,90.6,87.7,0.1
1604,ACPI_80,SVC,com,83.3,83.3,83.3,87.5,82.9,0.1
1605,ACPI_80,SVC,com,76.0,76.9,76.9,83.3,75.0,0.2
1606,ACPI_80,SVC,com,80.0,80.8,80.8,85.3,79.5,0.2
1607,ACPI_80,SVC,com,84.0,83.3,83.3,88.2,83.3,0.2
1608,ACPI_80,SVC,com,88.0,87.5,87.5,90.6,87.7,0.2
1609,ACPI_80,SVC,com,83.3,83.3,83.3,87.5,82.9,0.2
1610,ACPI_80,SVC,com,88.0,88.5,88.5,90.0,87.9,0.5
1611,ACPI_80,SVC,com,88.0,88.5,88.5,90.0,87.9,0.5
1612,ACPI_80,SVC,com,92.0,91.7,91.7,93.3,91.9,0.5
1613,ACPI_80,SVC,com,96.0,95.8,95.8,96.4,96.0,0.5
1614,ACPI_80,SVC,com,87.5,87.5,87.5,90.0,87.3,0.5
1615,ACPI_80,SVC,com,96.0,96.2,96.2,96.2,96.0,1.0
1616,ACPI_80,SVC,com,88.0,88.5,88.5,90.0,87.9,1.0
1617,ACPI_80,SVC,com,100.0,100.0,100.0,100.0,100.0,1.0
1618,ACPI_80,SVC,com,92.0,91.7,91.7,93.3,91.9,1.0
1619,ACPI_80,SVC,com,87.5,87.5,87.5,90.0,87.3,1.0
1620,ACPI_81,SVC,com,76.0,76.9,76.9,83.3,75.0,0.1
1621,ACPI_81,SVC,com,84.0,84.6,84.6,87.5,83.8,0.1
1622,ACPI_81,SVC,com,84.0,83.3,83.3,88.2,83.3,0.1
1623,ACPI_81,SVC,com,88.0,87.5,87.5,90.6,87.7,0.1
1624,ACPI_81,SVC,com,83.3,83.3,83.3,87.5,82.9,0.1
1625,ACPI_81,SVC,com,84.0,84.6,84.6,87.5,83.8,0.2
1626,ACPI_81,SVC,com,84.0,84.6,84.6,87.5,83.8,0.2
1627,ACPI_81,SVC,com,84.0,83.3,83.3,88.2,83.3,0.2
1628,ACPI_81,SVC,com,92.0,91.7,91.7,93.3,91.9,0.2
1629,ACPI_81,SVC,com,83.3,83.3,83.3,87.5,82.9,0.2
1630,ACPI_81,SVC,com,88.0,88.5,88.5,90.0,87.9,0.5
1631,ACPI_81,SVC,com,84.0,84.6,84.6,87.5,83.8,0.5
1632,ACPI_81,SVC,com,92.0,91.7,91.7,93.3,91.9,0.5
1633,ACPI_81,SVC,com,96.0,95.8,95.8,96.4,96.0,0.5
1634,ACPI_81,SVC,com,87.5,87.5,87.5,90.0,87.3,0.5
1635,ACPI_81,SVC,com,96.0,96.2,96.2,96.2,96.0,1.0
1636,ACPI_81,SVC,com,88.0,88.5,88.5,90.0,87.9,1.0
1637,ACPI_81,SVC,com,100.0,100.0,100.0,100.0,100.0,1.0
1638,ACPI_81,SVC,com,92.0,91.7,91.7,93.3,91.9,1.0
1639,ACPI_81,SVC,com,83.3,83.3,83.3,87.5,82.9,1.0
1640,ACPI_82,SVC,com,76.0,76.9,76.9,83.3,75.0,0.1
1641,ACPI_82,SVC,com,80.0,80.8,80.8,85.3,79.5,0.1
1642,ACPI_82,SVC,com,84.0,83.3,83.3,88.2,83.3,0.1
1643,ACPI_82,SVC,com,88.0,87.5,87.5,90.6,87.7,0.1
1644,ACPI_82,SVC,com,83.3,83.3,83.3,87.5,82.9,0.1
1645,ACPI_82,SVC,com,76.0,76.9,76.9,83.3,75.0,0.2
1646,ACPI_82,SVC,com,80.0,80.8,80.8,85.3,79.5,0.2
1647,ACPI_82,SVC,com,84.0,83.3,83.3,88.2,83.3,0.2
1648,ACPI_82,SVC,com,88.0,87.5,87.5,90.6,87.7,0.2
1649,ACPI_82,SVC,com,79.2,79.2,79.2,81.1,78.8,0.2
1650,ACPI_82,SVC,com,92.0,92.3,92.3,92.9,92.0,0.5
1651,ACPI_82,SVC,com,88.0,88.5,88.5,90.0,87.9,0.5
1652,ACPI_82,SVC,com,92.0,91.7,91.7,93.3,91.9,0.5
1653,ACPI_82,SVC,com,96.0,95.8,95.8,96.4,96.0,0.5
1654,ACPI_82,SVC,com,87.5,87.5,87.5,90.0,87.3,0.5
1655,ACPI_82,SVC,com,96.0,96.2,96.2,96.2,96.0,1.0
1656,ACPI_82,SVC,com,88.0,88.5,88.5,90.0,87.9,1.0
1657,ACPI_82,SVC,com,100.0,100.0,100.0,100.0,100.0,1.0
1658,ACPI_82,SVC,com,92.0,91.7,91.7,93.3,91.9,1.0
1659,ACPI_82,SVC,com,87.5,87.5,87.5,90.0,87.3,1.0
1660,ACPI_83,SVC,com,84.0,84.3,84.3,84.7,84.0,0.1
1661,ACPI_83,SVC,com,80.0,80.8,80.8,85.3,79.5,0.1
1662,ACPI_83,SVC,com,84.0,83.3,83.3,88.2,83.3,0.1
1663,ACPI_83,SVC,com,88.0,87.5,87.5,90.6,87.7,0.1
1664,ACPI_83,SVC,com,83.3,83.3,83.3,87.5,82.9,0.1
1665,ACPI_83,SVC,com,84.0,84.3,84.3,84.7,84.0,0.2
1666,ACPI_83,SVC,com,80.0,80.8,80.8,85.3,79.5,0.2
1667,ACPI_83,SVC,com,84.0,83.3,83.3,88.2,83.3,0.2
1668,ACPI_83,SVC,com,88.0,87.5,87.5,90.6,87.7,0.2
1669,ACPI_83,SVC,com,83.3,83.3,83.3,87.5,82.9,0.2
1670,ACPI_83,SVC,com,88.0,88.1,88.1,88.1,88.0,0.5
1671,ACPI_83,SVC,com,88.0,88.5,88.5,90.0,87.9,0.5
1672,ACPI_83,SVC,com,92.0,91.7,91.7,93.3,91.9,0.5
1673,ACPI_83,SVC,com,96.0,95.8,95.8,96.4,96.0,0.5
1674,ACPI_83,SVC,com,87.5,87.5,87.5,90.0,87.3,0.5
1675,ACPI_83,SVC,com,92.0,92.3,92.3,92.9,92.0,1.0
1676,ACPI_83,SVC,com,88.0,88.5,88.5,90.0,87.9,1.0
1677,ACPI_83,SVC,com,100.0,100.0,100.0,100.0,100.0,1.0
1678,ACPI_83,SVC,com,92.0,91.7,91.7,93.3,91.9,1.0
1679,ACPI_83,SVC,com,91.7,91.7,91.7,92.9,91.6,1.0
1680,ACPI_84,SVC,com,76.0,76.9,76.9,83.3,75.0,0.1
1681,ACPI_84,SVC,com,80.0,80.8,80.8,85.3,79.5,0.1
1682,ACPI_84,SVC,com,80.0,79.5,79.5,81.9,79.5,0.1
1683,ACPI_84,SVC,com,80.0,79.8,79.8,80.2,79.9,0.1
1684,ACPI_84,SVC,com,83.3,83.3,83.3,87.5,82.9,0.1
1685,ACPI_84,SVC,com,76.0,76.9,76.9,83.3,75.0,0.2
1686,ACPI_84,SVC,com,80.0,80.8,80.8,85.3,79.5,0.2
1687,ACPI_84,SVC,com,80.0,79.5,79.5,81.9,79.5,0.2
1688,ACPI_84,SVC,com,80.0,79.8,79.8,80.2,79.9,0.2
1689,ACPI_84,SVC,com,83.3,83.3,83.3,87.5,82.9,0.2
1690,ACPI_84,SVC,com,92.0,92.3,92.3,92.9,92.0,0.5
1691,ACPI_84,SVC,com,88.0,88.5,88.5,90.0,87.9,0.5
1692,ACPI_84,SVC,com,88.0,87.8,87.8,88.3,87.9,0.5
1693,ACPI_84,SVC,com,92.0,92.0,92.0,92.0,92.0,0.5
1694,ACPI_84,SVC,com,87.5,87.5,87.5,90.0,87.3,0.5
1695,ACPI_84,SVC,com,96.0,96.2,96.2,96.2,96.0,1.0
1696,ACPI_84,SVC,com,88.0,88.5,88.5,90.0,87.9,1.0
1697,ACPI_84,SVC,com,100.0,100.0,100.0,100.0,100.0,1.0
1698,ACPI_84,SVC,com,96.0,95.8,95.8,96.4,96.0,1.0
1699,ACPI_84,SVC,com,87.5,87.5,87.5,90.0,87.3,1.0
1700,ACPI_85,SVC,com,80.0,80.4,80.4,81.7,79.9,0.1
1701,ACPI_85,SVC,com,76.0,76.6,76.6,78.8,75.6,0.1
1702,ACPI_85,SVC,com,84.0,83.3,83.3,88.2,83.3,0.1
1703,ACPI_85,SVC,com,92.0,91.7,91.7,93.3,91.9,0.1
1704,ACPI_85,SVC,com,79.2,79.2,79.2,85.3,78.2,0.1
1705,ACPI_85,SVC,com,80.0,80.4,80.4,81.7,79.9,0.2
1706,ACPI_85,SVC,com,76.0,76.6,76.6,78.8,75.6,0.2
1707,ACPI_85,SVC,com,84.0,83.3,83.3,88.2,83.3,0.2
1708,ACPI_85,SVC,com,92.0,91.7,91.7,93.3,91.9,0.2
1709,ACPI_85,SVC,com,79.2,79.2,79.2,85.3,78.2,0.2
1710,ACPI_85,SVC,com,88.0,88.5,88.5,90.0,87.9,0.5
1711,ACPI_85,SVC,com,88.0,88.5,88.5,90.0,87.9,0.5
1712,ACPI_85,SVC,com,92.0,91.7,91.7,93.3,91.9,0.5
1713,ACPI_85,SVC,com,96.0,95.8,95.8,96.4,96.0,0.5
1714,ACPI_85,SVC,com,83.3,83.3,83.3,87.5,82.9,0.5
1715,ACPI_85,SVC,com,96.0,96.2,96.2,96.2,96.0,1.0
1716,ACPI_85,SVC,com,88.0,88.5,88.5,90.0,87.9,1.0
1717,ACPI_85,SVC,com,100.0,100.0,100.0,100.0,100.0,1.0
1718,ACPI_85,SVC,com,92.0,91.7,91.7,93.3,91.9,1.0
1719,ACPI_85,SVC,com,83.3,83.3,83.3,87.5,82.9,1.0
1720,ACPI_86,SVC,com,84.0,84.6,84.6,87.5,83.8,0.1
1721,ACPI_86,SVC,com,80.0,80.8,80.8,85.3,79.5,0.1
1722,ACPI_86,SVC,com,84.0,83.3,83.3,88.2,83.3,0.1
1723,ACPI_86,SVC,com,84.0,83.7,83.7,85.0,83.8,0.1
1724,ACPI_86,SVC,com,79.2,79.2,79.2,85.3,78.2,0.1
1725,ACPI_86,SVC,com,84.0,84.6,84.6,87.5,83.8,0.2
1726,ACPI_86,SVC,com,80.0,80.8,80.8,85.3,79.5,0.2
1727,ACPI_86,SVC,com,84.0,83.3,83.3,88.2,83.3,0.2
1728,ACPI_86,SVC,com,84.0,83.7,83.7,85.0,83.8,0.2
1729,ACPI_86,SVC,com,79.2,79.2,79.2,85.3,78.2,0.2
1730,ACPI_86,SVC,com,88.0,88.5,88.5,90.0,87.9,0.5
1731,ACPI_86,SVC,com,84.0,84.6,84.6,87.5,83.8,0.5
1732,ACPI_86,SVC,com,96.0,95.8,95.8,96.4,96.0,0.5
1733,ACPI_86,SVC,com,96.0,95.8,95.8,96.4,96.0,0.5
1734,ACPI_86,SVC,com,83.3,83.3,83.3,87.5,82.9,0.5
1735,ACPI_86,SVC,com,96.0,96.2,96.2,96.2,96.0,1.0
1736,ACPI_86,SVC,com,88.0,88.5,88.5,90.0,87.9,1.0
1737,ACPI_86,SVC,com,100.0,100.0,100.0,100.0,100.0,1.0
1738,ACPI_86,SVC,com,92.0,91.7,91.7,93.3,91.9,1.0
1739,ACPI_86,SVC,com,87.5,87.5,87.5,90.0,87.3,1.0
1740,ACPI_87,SVC,com,76.0,76.9,76.9,83.3,75.0,0.1
1741,ACPI_87,SVC,com,80.0,80.8,80.8,85.3,79.5,0.1
1742,ACPI_87,SVC,com,84.0,83.3,83.3,88.2,83.3,0.1
1743,ACPI_87,SVC,com,84.0,83.7,83.7,85.0,83.8,0.1
1744,ACPI_87,SVC,com,83.3,83.3,83.3,87.5,82.9,0.1
1745,ACPI_87,SVC,com,76.0,76.9,76.9,83.3,75.0,0.2
1746,ACPI_87,SVC,com,80.0,80.8,80.8,85.3,79.5,0.2
1747,ACPI_87,SVC,com,84.0,83.3,83.3,88.2,83.3,0.2
1748,ACPI_87,SVC,com,84.0,83.7,83.7,85.0,83.8,0.2
1749,ACPI_87,SVC,com,83.3,83.3,83.3,87.5,82.9,0.2
1750,ACPI_87,SVC,com,92.0,92.3,92.3,92.9,92.0,0.5
1751,ACPI_87,SVC,com,88.0,88.5,88.5,90.0,87.9,0.5
1752,ACPI_87,SVC,com,92.0,91.7,91.7,93.3,91.9,0.5
1753,ACPI_87,SVC,com,96.0,95.8,95.8,96.4,96.0,0.5
1754,ACPI_87,SVC,com,87.5,87.5,87.5,90.0,87.3,0.5
1755,ACPI_87,SVC,com,92.0,92.3,92.3,92.9,92.0,1.0
1756,ACPI_87,SVC,com,88.0,88.5,88.5,90.0,87.9,1.0
1757,ACPI_87,SVC,com,100.0,100.0,100.0,100.0,100.0,1.0
1758,ACPI_87,SVC,com,96.0,95.8,95.8,96.4,96.0,1.0
1759,ACPI_87,SVC,com,87.5,87.5,87.5,90.0,87.3,1.0
1760,ACPI_88,SVC,com,76.0,76.9,76.9,83.3,75.0,0.1
1761,ACPI_88,SVC,com,76.0,76.6,76.6,78.8,75.6,0.1
1762,ACPI_88,SVC,com,80.0,79.5,79.5,81.9,79.5,0.1
1763,ACPI_88,SVC,com,88.0,87.5,87.5,90.6,87.7,0.1
1764,ACPI_88,SVC,com,83.3,83.3,83.3,87.5,82.9,0.1
1765,ACPI_88,SVC,com,76.0,76.9,76.9,83.3,75.0,0.2
1766,ACPI_88,SVC,com,76.0,76.6,76.6,78.8,75.6,0.2
1767,ACPI_88,SVC,com,80.0,79.5,79.5,81.9,79.5,0.2
1768,ACPI_88,SVC,com,92.0,91.7,91.7,93.3,91.9,0.2
1769,ACPI_88,SVC,com,83.3,83.3,83.3,87.5,82.9,0.2
1770,ACPI_88,SVC,com,88.0,88.5,88.5,90.0,87.9,0.5
1771,ACPI_88,SVC,com,88.0,88.5,88.5,90.0,87.9,0.5
1772,ACPI_88,SVC,com,92.0,91.7,91.7,93.3,91.9,0.5
1773,ACPI_88,SVC,com,96.0,95.8,95.8,96.4,96.0,0.5
1774,ACPI_88,SVC,com,87.5,87.5,87.5,90.0,87.3,0.5
1775,ACPI_88,SVC,com,96.0,96.2,96.2,96.2,96.0,1.0
1776,ACPI_88,SVC,com,88.0,88.5,88.5,90.0,87.9,1.0
1777,ACPI_88,SVC,com,100.0,100.0,100.0,100.0,100.0,1.0
1778,ACPI_88,SVC,com,92.0,91.7,91.7,93.3,91.9,1.0
1779,ACPI_88,SVC,com,87.5,87.5,87.5,90.0,87.3,1.0
1780,ACPI_89,SVC,com,76.0,76.9,76.9,83.3,75.0,0.1
1781,ACPI_89,SVC,com,80.0,80.8,80.8,85.3,79.5,0.1
1782,ACPI_89,SVC,com,84.0,83.3,83.3,88.2,83.3,0.1
1783,ACPI_89,SVC,com,92.0,91.7,91.7,93.3,91.9,0.1
1784,ACPI_89,SVC,com,83.3,83.3,83.3,87.5,82.9,0.1
1785,ACPI_89,SVC,com,76.0,76.9,76.9,83.3,75.0,0.2
1786,ACPI_89,SVC,com,80.0,80.8,80.8,85.3,79.5,0.2
1787,ACPI_89,SVC,com,84.0,83.3,83.3,88.2,83.3,0.2
1788,ACPI_89,SVC,com,92.0,91.7,91.7,93.3,91.9,0.2
1789,ACPI_89,SVC,com,83.3,83.3,83.3,87.5,82.9,0.2
1790,ACPI_89,SVC,com,88.0,88.5,88.5,90.0,87.9,0.5
1791,ACPI_89,SVC,com,84.0,84.6,84.6,87.5,83.8,0.5
1792,ACPI_89,SVC,com,92.0,91.7,91.7,93.3,91.9,0.5
1793,ACPI_89,SVC,com,96.0,95.8,95.8,96.4,96.0,0.5
1794,ACPI_89,SVC,com,87.5,87.5,87.5,90.0,87.3,0.5
1795,ACPI_89,SVC,com,96.0,96.2,96.2,96.2,96.0,1.0
1796,ACPI_89,SVC,com,88.0,88.5,88.5,90.0,87.9,1.0
1797,ACPI_89,SVC,com,100.0,100.0,100.0,100.0,100.0,1.0
1798,ACPI_89,SVC,com,92.0,91.7,91.7,93.3,91.9,1.0
1799,ACPI_89,SVC,com,87.5,87.5,87.5,90.0,87.3,1.0
1800,ACPI_90,SVC,com,84.0,84.6,84.6,87.5,83.8,0.1
1801,ACPI_90,SVC,com,80.0,80.8,80.8,85.3,79.5,0.1
1802,ACPI_90,SVC,com,84.0,83.3,83.3,88.2,83.3,0.1
1803,ACPI_90,SVC,com,88.0,87.5,87.5,90.6,87.7,0.1
1804,ACPI_90,SVC,com,83.3,83.3,83.3,87.5,82.9,0.1
1805,ACPI_90,SVC,com,84.0,84.6,84.6,87.5,83.8,0.2
1806,ACPI_90,SVC,com,80.0,80.8,80.8,85.3,79.5,0.2
1807,ACPI_90,SVC,com,84.0,83.3,83.3,88.2,83.3,0.2
1808,ACPI_90,SVC,com,88.0,87.5,87.5,90.6,87.7,0.2
1809,ACPI_90,SVC,com,83.3,83.3,83.3,87.5,82.9,0.2
1810,ACPI_90,SVC,com,88.0,88.5,88.5,90.0,87.9,0.5
1811,ACPI_90,SVC,com,88.0,88.5,88.5,90.0,87.9,0.5
1812,ACPI_90,SVC,com,92.0,91.7,91.7,93.3,91.9,0.5
1813,ACPI_90,SVC,com,96.0,95.8,95.8,96.4,96.0,0.5
1814,ACPI_90,SVC,com,87.5,87.5,87.5,90.0,87.3,0.5
1815,ACPI_90,SVC,com,92.0,92.3,92.3,92.9,92.0,1.0
1816,ACPI_90,SVC,com,88.0,88.5,88.5,90.0,87.9,1.0
1817,ACPI_90,SVC,com,100.0,100.0,100.0,100.0,100.0,1.0
1818,ACPI_90,SVC,com,92.0,91.7,91.7,93.3,91.9,1.0
1819,ACPI_90,SVC,com,83.3,83.3,83.3,87.5,82.9,1.0
1820,ACPI_91,SVC,com,88.0,88.5,88.5,90.0,87.9,0.1
1821,ACPI_91,SVC,com,84.0,84.6,84.6,87.5,83.8,0.1
1822,ACPI_91,SVC,com,80.0,79.5,79.5,81.9,79.5,0.1
1823,ACPI_91,SVC,com,84.0,83.7,83.7,85.0,83.8,0.1
1824,ACPI_91,SVC,com,83.3,83.3,83.3,87.5,82.9,0.1
1825,ACPI_91,SVC,com,84.0,84.6,84.6,87.5,83.8,0.2
1826,ACPI_91,SVC,com,84.0,84.6,84.6,87.5,83.8,0.2
1827,ACPI_91,SVC,com,80.0,79.5,79.5,81.9,79.5,0.2
1828,ACPI_91,SVC,com,92.0,91.7,91.7,93.3,91.9,0.2
1829,ACPI_91,SVC,com,83.3,83.3,83.3,87.5,82.9,0.2
1830,ACPI_91,SVC,com,92.0,92.3,92.3,92.9,92.0,0.5
1831,ACPI_91,SVC,com,88.0,88.5,88.5,90.0,87.9,0.5
1832,ACPI_91,SVC,com,88.0,87.8,87.8,88.3,87.9,0.5
1833,ACPI_91,SVC,com,96.0,95.8,95.8,96.4,96.0,0.5
1834,ACPI_91,SVC,com,87.5,87.5,87.5,90.0,87.3,0.5
1835,ACPI_91,SVC,com,96.0,96.2,96.2,96.2,96.0,1.0
1836,ACPI_91,SVC,com,88.0,88.5,88.5,90.0,87.9,1.0
1837,ACPI_91,SVC,com,100.0,100.0,100.0,100.0,100.0,1.0
1838,ACPI_91,SVC,com,92.0,91.7,91.7,93.3,91.9,1.0
1839,ACPI_91,SVC,com,91.7,91.7,91.7,92.9,91.6,1.0
1840,ACPI_92,SVC,com,76.0,76.9,76.9,83.3,75.0,0.1
1841,ACPI_92,SVC,com,80.0,80.8,80.8,85.3,79.5,0.1
1842,ACPI_92,SVC,com,80.0,79.5,79.5,81.9,79.5,0.1
1843,ACPI_92,SVC,com,92.0,91.7,91.7,93.3,91.9,0.1
1844,ACPI_92,SVC,com,83.3,83.3,83.3,87.5,82.9,0.1
1845,ACPI_92,SVC,com,76.0,76.9,76.9,83.3,75.0,0.2
1846,ACPI_92,SVC,com,80.0,80.8,80.8,85.3,79.5,0.2
1847,ACPI_92,SVC,com,80.0,79.5,79.5,81.9,79.5,0.2
1848,ACPI_92,SVC,com,92.0,91.7,91.7,93.3,91.9,0.2
1849,ACPI_92,SVC,com,83.3,83.3,83.3,87.5,82.9,0.2
1850,ACPI_92,SVC,com,88.0,88.5,88.5,90.0,87.9,0.5
1851,ACPI_92,SVC,com,88.0,88.5,88.5,90.0,87.9,0.5
1852,ACPI_92,SVC,com,96.0,95.8,95.8,96.4,96.0,0.5
1853,ACPI_92,SVC,com,96.0,95.8,95.8,96.4,96.0,0.5
1854,ACPI_92,SVC,com,83.3,83.3,83.3,87.5,82.9,0.5
1855,ACPI_92,SVC,com,96.0,96.2,96.2,96.2,96.0,1.0
1856,ACPI_92,SVC,com,88.0,88.5,88.5,90.0,87.9,1.0
1857,ACPI_92,SVC,com,100.0,100.0,100.0,100.0,100.0,1.0
1858,ACPI_92,SVC,com,92.0,91.7,91.7,93.3,91.9,1.0
1859,ACPI_92,SVC,com,83.3,83.3,83.3,87.5,82.9,1.0
1860,ACPI_93,SVC,com,84.0,84.6,84.6,87.5,83.8,0.1
1861,ACPI_93,SVC,com,84.0,84.6,84.6,87.5,83.8,0.1
1862,ACPI_93,SVC,com,84.0,83.3,83.3,88.2,83.3,0.1
1863,ACPI_93,SVC,com,88.0,87.5,87.5,90.6,87.7,0.1
1864,ACPI_93,SVC,com,83.3,83.3,83.3,87.5,82.9,0.1
1865,ACPI_93,SVC,com,84.0,84.6,84.6,87.5,83.8,0.2
1866,ACPI_93,SVC,com,84.0,84.6,84.6,87.5,83.8,0.2
1867,ACPI_93,SVC,com,84.0,83.3,83.3,88.2,83.3,0.2
1868,ACPI_93,SVC,com,92.0,91.7,91.7,93.3,91.9,0.2
1869,ACPI_93,SVC,com,83.3,83.3,83.3,87.5,82.9,0.2
1870,ACPI_93,SVC,com,88.0,88.5,88.5,90.0,87.9,0.5
1871,ACPI_93,SVC,com,88.0,88.5,88.5,90.0,87.9,0.5
1872,ACPI_93,SVC,com,92.0,91.7,91.7,93.3,91.9,0.5
1873,ACPI_93,SVC,com,96.0,95.8,95.8,96.4,96.0,0.5
1874,ACPI_93,SVC,com,87.5,87.5,87.5,90.0,87.3,0.5
1875,ACPI_93,SVC,com,96.0,96.2,96.2,96.2,96.0,1.0
1876,ACPI_93,SVC,com,88.0,88.5,88.5,90.0,87.9,1.0
1877,ACPI_93,SVC,com,100.0,100.0,100.0,100.0,100.0,1.0
1878,ACPI_93,SVC,com,92.0,91.7,91.7,93.3,91.9,1.0
1879,ACPI_93,SVC,com,87.5,87.5,87.5,90.0,87.3,1.0
1880,ACPI_94,SVC,com,84.0,84.6,84.6,87.5,83.8,0.1
1881,ACPI_94,SVC,com,80.0,80.8,80.8,85.3,79.5,0.1
1882,ACPI_94,SVC,com,84.0,83.3,83.3,88.2,83.3,0.1
1883,ACPI_94,SVC,com,88.0,87.5,87.5,90.6,87.7,0.1
1884,ACPI_94,SVC,com,83.3,83.3,83.3,87.5,82.9,0.1
1885,ACPI_94,SVC,com,84.0,84.6,84.6,87.5,83.8,0.2
1886,ACPI_94,SVC,com,80.0,80.8,80.8,85.3,79.5,0.2
1887,ACPI_94,SVC,com,84.0,83.3,83.3,88.2,83.3,0.2
1888,ACPI_94,SVC,com,88.0,87.5,87.5,90.6,87.7,0.2
1889,ACPI_94,SVC,com,83.3,83.3,83.3,87.5,82.9,0.2
1890,ACPI_94,SVC,com,92.0,92.3,92.3,92.9,92.0,0.5
1891,ACPI_94,SVC,com,88.0,88.5,88.5,90.0,87.9,0.5
1892,ACPI_94,SVC,com,92.0,91.7,91.7,93.3,91.9,0.5
1893,ACPI_94,SVC,com,96.0,95.8,95.8,96.4,96.0,0.5
1894,ACPI_94,SVC,com,87.5,87.5,87.5,90.0,87.3,0.5
1895,ACPI_94,SVC,com,96.0,96.2,96.2,96.2,96.0,1.0
1896,ACPI_94,SVC,com,88.0,88.5,88.5,90.0,87.9,1.0
1897,ACPI_94,SVC,com,100.0,100.0,100.0,100.0,100.0,1.0
1898,ACPI_94,SVC,com,92.0,91.7,91.7,93.3,91.9,1.0
1899,ACPI_94,SVC,com,87.5,87.5,87.5,90.0,87.3,1.0
1900,ACPI_95,SVC,com,88.0,88.5,88.5,90.0,87.9,0.1
1901,ACPI_95,SVC,com,80.0,80.8,80.8,85.3,79.5,0.1
1902,ACPI_95,SVC,com,80.0,79.5,79.5,81.9,79.5,0.1
1903,ACPI_95,SVC,com,88.0,87.5,87.5,90.6,87.7,0.1
1904,ACPI_95,SVC,com,83.3,83.3,83.3,87.5,82.9,0.1
1905,ACPI_95,SVC,com,88.0,88.5,88.5,90.0,87.9,0.2
1906,ACPI_95,SVC,com,80.0,80.8,80.8,85.3,79.5,0.2
1907,ACPI_95,SVC,com,80.0,79.5,79.5,81.9,79.5,0.2
1908,ACPI_95,SVC,com,92.0,91.7,91.7,93.3,91.9,0.2
1909,ACPI_95,SVC,com,83.3,83.3,83.3,87.5,82.9,0.2
1910,ACPI_95,SVC,com,92.0,92.3,92.3,92.9,92.0,0.5
1911,ACPI_95,SVC,com,88.0,88.5,88.5,90.0,87.9,0.5
1912,ACPI_95,SVC,com,92.0,91.7,91.7,93.3,91.9,0.5
1913,ACPI_95,SVC,com,96.0,95.8,95.8,96.4,96.0,0.5
1914,ACPI_95,SVC,com,87.5,87.5,87.5,90.0,87.3,0.5
1915,ACPI_95,SVC,com,96.0,96.2,96.2,96.2,96.0,1.0
1916,ACPI_95,SVC,com,88.0,88.5,88.5,90.0,87.9,1.0
1917,ACPI_95,SVC,com,100.0,100.0,100.0,100.0,100.0,1.0
1918,ACPI_95,SVC,com,92.0,91.7,91.7,93.3,91.9,1.0
1919,ACPI_95,SVC,com,91.7,91.7,91.7,92.9,91.6,1.0
1920,ACPI_96,SVC,com,84.0,84.6,84.6,87.5,83.8,0.1
1921,ACPI_96,SVC,com,84.0,84.6,84.6,87.5,83.8,0.1
1922,ACPI_96,SVC,com,84.0,83.3,83.3,88.2,83.3,0.1
1923,ACPI_96,SVC,com,92.0,91.7,91.7,93.3,91.9,0.1
1924,ACPI_96,SVC,com,79.2,79.2,79.2,85.3,78.2,0.1
1925,ACPI_96,SVC,com,76.0,76.9,76.9,83.3,75.0,0.2
1926,ACPI_96,SVC,com,84.0,84.6,84.6,87.5,83.8,0.2
1927,ACPI_96,SVC,com,84.0,83.3,83.3,88.2,83.3,0.2
1928,ACPI_96,SVC,com,92.0,91.7,91.7,93.3,91.9,0.2
1929,ACPI_96,SVC,com,79.2,79.2,79.2,85.3,78.2,0.2
1930,ACPI_96,SVC,com,88.0,88.5,88.5,90.0,87.9,0.5
1931,ACPI_96,SVC,com,84.0,84.6,84.6,87.5,83.8,0.5
1932,ACPI_96,SVC,com,96.0,95.8,95.8,96.4,96.0,0.5
1933,ACPI_96,SVC,com,96.0,95.8,95.8,96.4,96.0,0.5
1934,ACPI_96,SVC,com,83.3,83.3,83.3,87.5,82.9,0.5
1935,ACPI_96,SVC,com,96.0,96.2,96.2,96.2,96.0,1.0
1936,ACPI_96,SVC,com,88.0,88.5,88.5,90.0,87.9,1.0
1937,ACPI_96,SVC,com,100.0,100.0,100.0,100.0,100.0,1.0
1938,ACPI_96,SVC,com,92.0,91.7,91.7,93.3,91.9,1.0
1939,ACPI_96,SVC,com,87.5,87.5,87.5,90.0,87.3,1.0
1940,ACPI_97,SVC,com,88.0,88.5,88.5,90.0,87.9,0.1
1941,ACPI_97,SVC,com,80.0,80.8,80.8,85.3,79.5,0.1
1942,ACPI_97,SVC,com,84.0,83.3,83.3,88.2,83.3,0.1
1943,ACPI_97,SVC,com,88.0,87.5,87.5,90.6,87.7,0.1
1944,ACPI_97,SVC,com,83.3,83.3,83.3,87.5,82.9,0.1
1945,ACPI_97,SVC,com,76.0,76.9,76.9,83.3,75.0,0.2
1946,ACPI_97,SVC,com,80.0,80.8,80.8,85.3,79.5,0.2
1947,ACPI_97,SVC,com,84.0,83.3,83.3,88.2,83.3,0.2
1948,ACPI_97,SVC,com,88.0,87.5,87.5,90.6,87.7,0.2
1949,ACPI_97,SVC,com,83.3,83.3,83.3,87.5,82.9,0.2
1950,ACPI_97,SVC,com,92.0,92.3,92.3,92.9,92.0,0.5
1951,ACPI_97,SVC,com,88.0,88.5,88.5,90.0,87.9,0.5
1952,ACPI_97,SVC,com,92.0,91.7,91.7,93.3,91.9,0.5
1953,ACPI_97,SVC,com,96.0,95.8,95.8,96.4,96.0,0.5
1954,ACPI_97,SVC,com,87.5,87.5,87.5,90.0,87.3,0.5
1955,ACPI_97,SVC,com,96.0,96.2,96.2,96.2,96.0,1.0
1956,ACPI_97,SVC,com,88.0,88.5,88.5,90.0,87.9,1.0
1957,ACPI_97,SVC,com,96.0,95.8,95.8,96.4,96.0,1.0
1958,ACPI_97,SVC,com,92.0,91.7,91.7,93.3,91.9,1.0
1959,ACPI_97,SVC,com,91.7,91.7,91.7,92.9,91.6,1.0
1960,ACPI_98,SVC,com,76.0,76.9,76.9,83.3,75.0,0.1
1961,ACPI_98,SVC,com,80.0,80.8,80.8,85.3,79.5,0.1
1962,ACPI_98,SVC,com,80.0,79.5,79.5,81.9,79.5,0.1
1963,ACPI_98,SVC,com,84.0,83.7,83.7,85.0,83.8,0.1
1964,ACPI_98,SVC,com,83.3,83.3,83.3,87.5,82.9,0.1
1965,ACPI_98,SVC,com,84.0,84.6,84.6,87.5,83.8,0.2
1966,ACPI_98,SVC,com,80.0,80.8,80.8,85.3,79.5,0.2
1967,ACPI_98,SVC,com,80.0,79.5,79.5,81.9,79.5,0.2
1968,ACPI_98,SVC,com,84.0,83.7,83.7,85.0,83.8,0.2
1969,ACPI_98,SVC,com,83.3,83.3,83.3,87.5,82.9,0.2
1970,ACPI_98,SVC,com,92.0,92.3,92.3,92.9,92.0,0.5
1971,ACPI_98,SVC,com,88.0,88.5,88.5,90.0,87.9,0.5
1972,ACPI_98,SVC,com,88.0,87.8,87.8,88.3,87.9,0.5
1973,ACPI_98,SVC,com,92.0,92.0,92.0,92.0,92.0,0.5
1974,ACPI_98,SVC,com,87.5,87.5,87.5,90.0,87.3,0.5
1975,ACPI_98,SVC,com,92.0,92.3,92.3,92.9,92.0,1.0
1976,ACPI_98,SVC,com,92.0,92.3,92.3,92.9,92.0,1.0
1977,ACPI_98,SVC,com,96.0,95.8,95.8,96.4,96.0,1.0
1978,ACPI_98,SVC,com,92.0,91.7,91.7,93.3,91.9,1.0
1979,ACPI_98,SVC,com,91.7,91.7,91.7,92.9,91.6,1.0
1980,ACPI_99,SVC,com,84.0,84.6,84.6,87.5,83.8,0.1
1981,ACPI_99,SVC,com,80.0,80.8,80.8,85.3,79.5,0.1
1982,ACPI_99,SVC,com,84.0,83.3,83.3,88.2,83.3,0.1
1983,ACPI_99,SVC,com,84.0,83.7,83.7,85.0,83.8,0.1
1984,ACPI_99,SVC,com,83.3,83.3,83.3,87.5,82.9,0.1
1985,ACPI_99,SVC,com,84.0,84.6,84.6,87.5,83.8,0.2
1986,ACPI_99,SVC,com,80.0,80.8,80.8,85.3,79.5,0.2
1987,ACPI_99,SVC,com,84.0,83.3,83.3,88.2,83.3,0.2
1988,ACPI_99,SVC,com,84.0,83.7,83.7,85.0,83.8,0.2
1989,ACPI_99,SVC,com,83.3,83.3,83.3,87.5,82.9,0.2
1990,ACPI_99,SVC,com,88.0,88.5,88.5,90.0,87.9,0.5
1991,ACPI_99,SVC,com,88.0,88.5,88.5,90.0,87.9,0.5
1992,ACPI_99,SVC,com,92.0,91.7,91.7,93.3,91.9,0.5
1993,ACPI_99,SVC,com,96.0,95.8,95.8,96.4,96.0,0.5
1994,ACPI_99,SVC,com,87.5,87.5,87.5,90.0,87.3,0.5
1995,ACPI_99,SVC,com,92.0,92.3,92.3,92.9,92.0,1.0
1996,ACPI_99,SVC,com,88.0,88.5,88.5,90.0,87.9,1.0
1997,ACPI_99,SVC,com,96.0,95.8,95.8,96.4,96.0,1.0
1998,ACPI_99,SVC,com,92.0,91.7,91.7,93.3,91.9,1.0
1999,ACPI_99,SVC,com,91.7,91.7,91.7,92.9,91.6,1.0
